band,day,file,tx_sign,p_lo,p_hi,delta_power,rx_lo,rx_hi,rx_ratio,rx_ratio_clipped,log_rx_gain_per_db,delta_rx_per_db,start_snr,reports_lo,reports_hi
10m,2023-04-17,wspr_2023-04-17_10m.parquet,DL1TFI,40,47,7,46,27,0.5869565217391305,0.5869565217391305,-0.07611493292639512,-2.7142857142857144,-20.0,72,27
10m,2023-04-17,wspr_2023-04-17_10m.parquet,F6KPL,13,20,7,2,3,1.5,1.5,0.05792358687259491,0.14285714285714285,-27.0,13,16
10m,2023-04-17,wspr_2023-04-17_10m.parquet,KD5CMN,30,33,3,49,26,0.5306122448979592,0.5306122448979592,-0.2112412533630482,-7.666666666666667,-17.0,163,45
10m,2023-04-17,wspr_2023-04-17_10m.parquet,VE3MNX,27,37,10,43,60,1.3953488372093024,1.3953488372093024,0.03331444465285383,1.7,-21.0,139,121
10m,2023-04-17,wspr_2023-04-17_10m.parquet,WB5SRK,37,43,6,22,62,2.8181818181818183,2.8181818181818183,0.17268198861446263,6.666666666666667,-17.0,44,191
10m,2023-04-18,wspr_2023-04-18_10m.parquet,DL5SFB,27,30,3,91,17,0.18681318681318682,0.18681318681318682,-0.559215387486878,-24.666666666666668,-17.0,860,90
10m,2023-04-18,wspr_2023-04-18_10m.parquet,F6KPL,13,20,7,2,3,1.5,1.5,0.05792358687259491,0.14285714285714285,-23.0,24,21
10m,2023-04-18,wspr_2023-04-18_10m.parquet,G4SHS,23,30,7,4,63,15.75,15.75,0.3938343378959489,8.428571428571429,-20.0,69,697
10m,2023-04-18,wspr_2023-04-18_10m.parquet,KE8BJQ,20,23,3,17,22,1.2941176470588236,1.2941176470588236,0.08594303643403328,1.6666666666666667,-22.5,38,46
10m,2023-04-18,wspr_2023-04-18_10m.parquet,KE8BJQ,20,27,7,17,28,1.6470588235294117,1.6470588235294117,0.07128445230271255,1.5714285714285714,-22.5,38,48
10m,2023-04-18,wspr_2023-04-18_10m.parquet,KE8BJQ,20,30,10,17,44,2.588235294117647,2.588235294117647,0.09509762898620452,2.7,-22.5,38,190
10m,2023-04-18,wspr_2023-04-18_10m.parquet,KE8BJQ,23,27,4,22,28,1.2727272727272727,1.2727272727272727,0.06029051420422201,1.5,-18.5,46,48
10m,2023-04-18,wspr_2023-04-18_10m.parquet,KE8BJQ,23,30,7,22,44,2.0,2.0,0.09902102579427789,3.142857142857143,-18.5,46,190
10m,2023-04-18,wspr_2023-04-18_10m.parquet,KE8BJQ,27,30,3,28,44,1.5714285714285714,1.5714285714285714,0.1506617079143524,5.333333333333333,-16.5,48,190
10m,2023-04-18,wspr_2023-04-18_10m.parquet,KE8BJQ,27,37,10,28,10,0.35714285714285715,0.35714285714285715,-0.10296194171811582,-1.8,-16.5,48,22
10m,2023-04-18,wspr_2023-04-18_10m.parquet,KE8BJQ,30,37,7,44,10,0.22727272727272727,0.22727272727272727,-0.21165779156060222,-4.857142857142857,-19.0,190,22
10m,2023-04-18,wspr_2023-04-18_10m.parquet,VE1XOR,37,40,3,68,37,0.5441176470588235,0.5441176470588235,-0.20286326417729414,-10.333333333333334,-15.0,198,58
10m,2023-04-18,wspr_2023-04-18_10m.parquet,WB5SRK,30,37,7,43,31,0.7209302325581395,0.7209302325581395,-0.04674470160120232,-1.7142857142857142,-13.0,195,83
10m,2023-04-18,wspr_2023-04-18_10m.parquet,WB5SRK,37,47,10,31,47,1.5161290322580645,1.5161290322580645,0.041616039722491234,1.6,-6.0,83,84
10m,2023-04-19,wspr_2023-04-19_10m.parquet,DL5SFB,20,27,7,5,4,0.8,0.8,-0.031877650187744244,-0.14285714285714285,-15.0,26,75
10m,2023-04-19,wspr_2023-04-19_10m.parquet,KE8BJQ,30,37,7,5,28,5.6,5.6,0.24610951396301478,3.2857142857142856,-25.0,24,158
10m,2023-04-19,wspr_2023-04-19_10m.parquet,N6SPP,33,37,4,54,39,0.7222222222222222,0.7222222222222222,-0.081355600108657,-3.75,-17.0,242,135
10m,2023-04-19,wspr_2023-04-19_10m.parquet,WB5SRK,30,37,7,27,66,2.4444444444444446,2.4444444444444446,0.12768826800315664,5.571428571428571,-8.0,69,357
10m,2023-04-19,wspr_2023-04-19_10m.parquet,WB5SRK,37,47,10,66,23,0.3484848484848485,0.3484848484848485,-0.10541605260972757,-4.3,-9.0,357,33
10m,2023-04-19,wspr_2023-04-19_10m.parquet,WZ8S,37,47,10,16,39,2.4375,2.4375,0.08909729238898652,2.3,-20.0,37,83
10m,2023-04-20,wspr_2023-04-20_10m.parquet,AF4BS,40,43,3,51,60,1.1764705882352942,1.1764705882352942,0.05417297649925831,3.0,-18.0,83,98
10m,2023-04-20,wspr_2023-04-20_10m.parquet,VE1VDM,23,30,7,17,61,3.588235294117647,3.588235294117647,0.18252293144529932,6.285714285714286,-22.0,88,361
10m,2023-04-21,wspr_2023-04-21_10m.parquet,DL6YCU,27,37,10,38,34,0.8947368421052632,0.8947368421052632,-0.011122563511022438,-0.4,-20.0,227,102
10m,2023-04-21,wspr_2023-04-21_10m.parquet,F6KPL,13,20,7,2,3,1.5,1.5,0.05792358687259491,0.14285714285714285,-24.5,22,16
10m,2023-04-21,wspr_2023-04-21_10m.parquet,K7TLU,40,43,3,67,23,0.34328358208955223,0.34328358208955223,-0.3563994678206055,-14.666666666666666,-15.0,266,23
10m,2023-04-21,wspr_2023-04-21_10m.parquet,K8CHY,30,37,7,32,52,1.625,1.625,0.06935825939738584,2.857142857142857,-21.0,106,231
10m,2023-04-21,wspr_2023-04-21_10m.parquet,KG4LDK,47,50,3,38,53,1.394736842105263,1.394736842105263,0.110901917941912,5.0,-20.0,38,53
10m,2023-04-22,wspr_2023-04-22_10m.parquet,AA0N,27,30,3,15,17,1.1333333333333333,1.1333333333333333,0.04172104765133533,0.6666666666666666,-10.5,24,17
10m,2023-04-22,wspr_2023-04-22_10m.parquet,K4PQC/A,20,23,3,46,18,0.391304347826087,0.391304347826087,-0.3127565461976434,-9.333333333333334,-16.0,490,31
10m,2023-04-22,wspr_2023-04-22_10m.parquet,N9REI,43,47,4,42,21,0.5,0.5,-0.17328679513998632,-5.25,-13.5,100,57
10m,2023-04-22,wspr_2023-04-22_10m.parquet,W7WAX,37,40,3,40,70,1.75,1.75,0.18653859597847422,10.0,-14.0,71,266
10m,2023-04-22,wspr_2023-04-22_10m.parquet,WD4AH,30,33,3,22,49,2.227272727272727,2.227272727272727,0.2669259482507702,9.0,-18.0,50,246
10m,2023-04-23,wspr_2023-04-23_10m.parquet,F6KPL,13,20,7,2,4,2.0,2.0,0.09902102579427789,0.2857142857142857,-25.5,12,11
10m,2023-05-15,wspr_2023-05-15_10m.parquet,031JYJ,13,20,7,10,13,1.3,1.3,0.03748060920964158,0.42857142857142855,-13.5,10,13
10m,2023-05-15,wspr_2023-05-15_10m.parquet,0S1JGU,13,23,10,10,12,1.2,1.2,0.01823215567939546,0.2,-14.0,10,12
10m,2023-05-15,wspr_2023-05-15_10m.parquet,WB5SRK,33,37,4,4,7,1.75,1.75,0.13990394698385566,0.75,-14.0,52,12
10m,2023-05-15,wspr_2023-05-15_10m.parquet,WB5SRK,33,43,10,4,16,4.0,4.0,0.13862943611198905,1.2,-14.0,52,66
10m,2023-05-15,wspr_2023-05-15_10m.parquet,WB5SRK,37,43,6,7,16,2.2857142857142856,2.2857142857142856,0.1377797621974113,1.5,-17.5,12,66
10m,2023-05-16,wspr_2023-05-16_10m.parquet,DL3IAD,37,47,10,7,11,1.5714285714285714,1.5714285714285714,0.04519851237430572,0.4,-20.0,18,18
10m,2023-05-16,wspr_2023-05-16_10m.parquet,N5AQM,23,27,4,24,6,0.25,0.25,-0.34657359027997264,-4.5,-19.0,115,16
10m,2023-05-16,wspr_2023-05-16_10m.parquet,SA6BSS,50,53,3,22,40,1.8181818181818181,1.8181818181818181,0.19927900025187348,6.0,-14.0,22,188
10m,2023-05-16,wspr_2023-05-16_10m.parquet,WB5SRK,33,43,10,4,9,2.25,2.25,0.08109302162163287,0.5,-21.0,14,30
10m,2023-05-17,wspr_2023-05-17_10m.parquet,N7GEE,30,33,3,15,24,1.6,1.6,0.1566678764152452,3.0,-24.0,61,58
10m,2023-05-17,wspr_2023-05-17_10m.parquet,N7GEE,30,37,7,15,9,0.6,0.6,-0.07297508910942725,-0.8571428571428571,-24.0,61,11
10m,2023-05-17,wspr_2023-05-17_10m.parquet,N7GEE,33,37,4,24,9,0.375,0.375,-0.24520731325293155,-3.75,-15.5,58,11
10m,2023-05-17,wspr_2023-05-17_10m.parquet,SA6BSS,50,53,3,13,29,2.230769230769231,2.230769230769231,0.2674488241749791,5.333333333333333,-19.0,84,547
10m,2023-05-18,wspr_2023-05-18_10m.parquet,DL3IAD,37,43,6,11,25,2.272727272727273,2.272727272727273,0.1368300920116384,2.3333333333333335,-19.0,36,41
10m,2023-05-18,wspr_2023-05-18_10m.parquet,PD7LJ,30,37,7,19,15,0.7894736842105263,0.7894736842105263,-0.033769825437747196,-0.5714285714285714,-19.0,101,26
10m,2023-05-18,wspr_2023-05-18_10m.parquet,SM2IAR,27,37,10,9,65,7.222222222222222,7.222222222222222,0.19771626925594177,5.6,-12.0,74,430
10m,2023-05-19,wspr_2023-05-19_10m.parquet,061MNO,33,37,4,19,17,0.8947368421052632,0.8947368421052632,-0.027806408777556094,-0.5,-18.0,19,17
10m,2023-05-19,wspr_2023-05-19_10m.parquet,DL6YCU,27,30,3,51,10,0.19607843137254902,0.19607843137254902,-0.5430801799100934,-13.666666666666666,-19.0,281,22
10m,2023-05-19,wspr_2023-05-19_10m.parquet,LZ3BS,30,33,3,19,9,0.47368421052631576,0.47368421052631576,-0.24907146727674037,-3.3333333333333335,-21.0,50,36
10m,2023-05-19,wspr_2023-05-19_10m.parquet,N9SD,30,37,7,17,12,0.7058823529411765,0.7058823529411765,-0.04975809918117367,-0.7142857142857143,-20.5,114,118
10m,2023-05-19,wspr_2023-05-19_10m.parquet,SA6BSS,53,57,4,61,107,1.7540983606557377,1.7540983606557377,0.14048874257214872,11.5,-17.0,241,1978
10m,2023-05-19,wspr_2023-05-19_10m.parquet,WB5SRK,30,40,10,10,9,0.9,0.9,-0.010536051565782628,-0.1,-19.5,42,16
10m,2023-05-19,wspr_2023-05-19_10m.parquet,WB5SRK,40,47,7,9,12,1.3333333333333333,1.3333333333333333,0.04109743892168298,0.42857142857142855,-19.5,16,17
10m,2023-05-20,wspr_2023-05-20_10m.parquet,G1MUM,17,20,3,12,12,1.0,1.0,0.0,0.0,-23.0,35,36
10m,2023-05-20,wspr_2023-05-20_10m.parquet,PE2YSB,17,23,6,6,8,1.3333333333333333,1.3333333333333333,0.04794701207529681,0.3333333333333333,-15.0,48,41
10m,2023-05-20,wspr_2023-05-20_10m.parquet,SA6BSS,53,57,4,18,17,0.9444444444444444,0.9444444444444444,-0.01428960345998716,-0.25,-18.0,147,167
10m,2023-05-21,wspr_2023-05-21_10m.parquet,KO4WYO,30,37,7,31,8,0.25806451612903225,0.25806451612903225,-0.19350652325790146,-3.2857142857142856,-19.0,166,39
10m,2023-05-21,wspr_2023-05-21_10m.parquet,PA3GLH,30,33,3,16,7,0.4375,0.4375,-0.2755595243948226,-3.0,-18.0,110,16
10m,2023-06-19,wspr_2023-06-19_10m.parquet,AE4JY,30,33,3,24,18,0.75,0.75,-0.09589402415059363,-2.0,-21.0,145,35
10m,2023-06-19,wspr_2023-06-19_10m.parquet,DF4IAF,20,27,7,33,22,0.6666666666666666,0.6666666666666666,-0.05792358687259492,-1.5714285714285714,-18.0,92,38
10m,2023-06-19,wspr_2023-06-19_10m.parquet,DL3EL,20,30,10,14,8,0.5714285714285714,0.5714285714285714,-0.05596157879354228,-0.6,-20.0,23,16
10m,2023-06-19,wspr_2023-06-19_10m.parquet,F6KPL,13,20,7,11,15,1.3636363636363635,1.3636363636363635,0.044307846900548495,0.5714285714285714,-16.5,12,28
10m,2023-06-20,wspr_2023-06-20_10m.parquet,F6KPL,13,20,7,6,18,3.0,3.0,0.15694461266687282,1.7142857142857142,-19.0,25,42
10m,2023-06-21,wspr_2023-06-21_10m.parquet,DL0PBS,17,23,6,27,1,0.037037037037037035,0.037037037037037035,-0.5493061443340549,-4.333333333333333,-13.0,217,10
10m,2023-06-21,wspr_2023-06-21_10m.parquet,DL6NL,30,33,3,84,1,0.011904761904761904,0.011904761904761904,-1.4769389329477711,-27.666666666666668,-19.0,2368,11
10m,2023-06-21,wspr_2023-06-21_10m.parquet,F6KPL,13,20,7,18,35,1.9444444444444444,1.9444444444444444,0.09499661479903557,2.4285714285714284,-22.5,32,108
10m,2023-06-22,wspr_2023-06-22_10m.parquet,KG4INO,30,37,7,13,24,1.8461538461538463,1.8461538461538463,0.08758635326948698,1.5714285714285714,-21.0,114,106
10m,2023-06-23,wspr_2023-06-23_10m.parquet,F6KPL,13,20,7,5,20,4.0,4.0,0.19804205158855578,2.142857142857143,-23.5,12,32
10m,2023-06-24,wspr_2023-06-24_10m.parquet,G4SFS,20,23,3,15,1,0.06666666666666667,0.06666666666666667,-0.9026834003674034,-4.666666666666667,-11.5,266,11
10m,2023-06-24,wspr_2023-06-24_10m.parquet,KK4YEL,23,27,4,6,50,8.333333333333334,8.333333333333334,0.5300658840500228,11.0,-23.0,27,347
10m,2023-06-25,wspr_2023-06-25_10m.parquet,DB1MIC,30,33,3,13,19,1.4615384615384615,1.4615384615384615,0.12649654056830123,2.0,-18.0,70,123
10m,2023-06-25,wspr_2023-06-25_10m.parquet,DL1EHW,23,30,7,5,14,2.8,2.8,0.14708848816873688,1.2857142857142858,-2.0,14,81
10m,2023-06-25,wspr_2023-06-25_10m.parquet,DL3IAD,37,40,3,8,10,1.25,1.25,0.07438118377140325,0.6666666666666666,-17.0,14,26
10m,2023-06-25,wspr_2023-06-25_10m.parquet,DL6NL,20,30,10,1,73,73.0,20.0,0.4290459441148391,7.2,-25.0,15,1371
10m,2023-06-25,wspr_2023-06-25_10m.parquet,EA5IHM,33,37,4,43,51,1.186046511627907,1.186046511627907,0.04265637925769086,2.0,-17.0,43,107
10m,2023-06-25,wspr_2023-06-25_10m.parquet,EA6TF,30,37,7,94,44,0.46808510638297873,0.46808510638297873,-0.10844359262167753,-7.142857142857143,-16.0,556,202
10m,2023-06-25,wspr_2023-06-25_10m.parquet,M1DRK,17,23,6,1,12,12.0,12.0,0.41415110829800006,1.8333333333333333,-28.0,19,24
10m,2023-06-25,wspr_2023-06-25_10m.parquet,OK2SAM,27,30,3,7,1,0.14285714285714285,0.14285714285714285,-0.6486367163517711,-2.0,-23.5,20,22
10m,2023-07-17,wspr_2023-07-17_10m.parquet,KD5DFL,23,27,4,27,23,0.8518518518518519,0.8518518518518519,-0.04008566251879484,-1.0,-20.0,106,81
10m,2023-07-17,wspr_2023-07-17_10m.parquet,WB3HNW,40,47,7,23,9,0.391304347826087,0.391304347826087,-0.13403851979899004,-2.0,-19.0,135,25
10m,2023-07-19,wspr_2023-07-19_10m.parquet,KL3WX,37,43,6,19,47,2.473684210526316,2.473684210526316,0.15095143709060302,4.666666666666667,-18.0,32,64
10m,2023-07-20,wspr_2023-07-20_10m.parquet,KD6FOZ,37,40,3,18,20,1.1111111111111112,1.1111111111111112,0.03512017188594212,0.6666666666666666,-19.0,32,29
10m,2023-07-21,wspr_2023-07-21_10m.parquet,KD5JRW,43,47,4,32,27,0.84375,0.84375,-0.04247475919884937,-1.25,-19.0,150,27
10m,2023-07-21,wspr_2023-07-21_10m.parquet,R2BIY,30,37,7,11,13,1.1818181818181819,1.1818181818181819,0.023864869237595177,0.2857142857142857,-19.5,18,20
10m,2023-07-21,wspr_2023-07-21_10m.parquet,R2BIY,30,40,10,11,11,1.0,1.0,0.0,0.0,-19.5,18,11
10m,2023-07-21,wspr_2023-07-21_10m.parquet,R2BIY,37,40,3,13,11,0.8461538461538461,0.8461538461538461,-0.05568469488772207,-0.6666666666666666,-20.0,20,11
10m,2023-07-21,wspr_2023-07-21_10m.parquet,R2BIY,37,43,6,13,21,1.6153846153846154,1.6153846153846154,0.07992884671031437,1.3333333333333333,-20.0,20,21
10m,2023-07-21,wspr_2023-07-21_10m.parquet,R2BIY,40,43,3,11,21,1.9090909090909092,1.9090909090909092,0.21554238830835082,3.3333333333333335,-14.0,11,21
10m,2023-07-22,wspr_2023-07-22_10m.parquet,DD0MS,30,37,7,6,12,2.0,2.0,0.09902102579427789,0.8571428571428571,-25.0,54,23
10m,2023-07-22,wspr_2023-07-22_10m.parquet,KD6FOZ,37,40,3,24,9,0.375,0.375,-0.32694308433724206,-5.0,-16.5,88,24
10m,2023-07-23,wspr_2023-07-23_10m.parquet,KD6FOZ,37,40,3,18,11,0.6111111111111112,0.6111111111111112,-0.16415882836593135,-2.3333333333333335,-14.0,32,27
10m,2023-07-23,wspr_2023-07-23_10m.parquet,N1API,40,50,10,8,13,1.625,1.625,0.04855078157817008,0.5,-21.0,15,21
10m,2023-08-21,wspr_2023-08-21_10m.parquet,I4ZTO,30,37,7,101,8,0.07920792079207921,0.07920792079207921,-0.36223985359448907,-13.285714285714286,-14.0,593,24
10m,2023-08-21,wspr_2023-08-21_10m.parquet,N3AGE,23,30,7,5,4,0.8,0.8,-0.031877650187744244,-0.14285714285714285,-20.0,415,166
10m,2023-08-21,wspr_2023-08-21_10m.parquet,R2BIY,37,43,6,10,14,1.4,1.4,0.056078706103535485,0.6666666666666666,-19.5,10,14
10m,2023-08-21,wspr_2023-08-21_10m.parquet,W4WLO,30,33,3,23,2,0.08695652173913043,0.08695652173913043,-0.8141156784564014,-7.0,-19.0,283,29
10m,2023-08-22,wspr_2023-08-22_10m.parquet,AI5DQ,23,27,4,5,11,2.2,2.2,0.19711434009106757,1.5,-18.0,13,34
10m,2023-08-22,wspr_2023-08-22_10m.parquet,AI5DQ,23,30,7,5,8,1.6,1.6,0.06714337560653366,0.42857142857142855,-18.0,13,24
10m,2023-08-22,wspr_2023-08-22_10m.parquet,AI5DQ,27,30,3,11,8,0.7272727272727273,0.7272727272727273,-0.10615124370617819,-1.0,-18.0,34,24
10m,2023-08-22,wspr_2023-08-22_10m.parquet,AI5DQ,30,40,10,8,15,1.875,1.875,0.06286086594223741,0.7,-18.5,24,31
10m,2023-08-22,wspr_2023-08-22_10m.parquet,KC3VOH,17,20,3,17,11,0.6470588235294118,0.6470588235294118,-0.14510602375261517,-2.0,-23.5,30,13
10m,2023-08-22,wspr_2023-08-22_10m.parquet,W4WLO,30,33,3,62,13,0.20967741935483872,0.20967741935483872,-0.5207283425278516,-16.333333333333332,-21.0,830,69
10m,2023-08-23,wspr_2023-08-23_10m.parquet,KC3VOH,17,20,3,98,43,0.4387755102040816,0.4387755102040816,-0.2745891209923365,-18.333333333333332,-21.0,1208,63
10m,2023-08-23,wspr_2023-08-23_10m.parquet,W4WLO,30,33,3,84,14,0.16666666666666666,0.16666666666666666,-0.5972531564093516,-23.333333333333332,-21.0,1246,102
10m,2023-08-24,wspr_2023-08-24_10m.parquet,OH8JH,40,47,7,25,41,1.64,1.64,0.07067089169087243,2.2857142857142856,-21.0,25,125
10m,2023-08-24,wspr_2023-08-24_10m.parquet,W4WLO,30,33,3,126,20,0.15873015873015872,0.15873015873015872,-0.613516544465829,-35.333333333333336,-17.0,3050,194
10m,2023-08-25,wspr_2023-08-25_10m.parquet,EA7KR,37,40,3,11,155,14.090909090909092,14.090909090909092,0.8818432813736253,48.0,-14.0,38,1359
10m,2023-08-25,wspr_2023-08-25_10m.parquet,W4WLO,30,33,3,92,16,0.17391304347826086,0.17391304347826086,-0.583066618269753,-25.333333333333332,-16.0,1745,124
10m,2023-08-26,wspr_2023-08-26_10m.parquet,W4WLO,30,33,3,93,14,0.15053763440860216,0.15053763440860216,-0.6311807211793324,-26.333333333333332,-16.0,3316,222
10m,2023-08-27,wspr_2023-08-27_10m.parquet,DL6NL,30,33,3,82,1,0.012195121951219513,0.012195121951219513,-1.4689064157547511,-27.0,-20.0,1210,12
10m,2023-08-27,wspr_2023-08-27_10m.parquet,HA9OA,37,40,3,17,22,1.2941176470588236,1.2941176470588236,0.08594303643403328,1.6666666666666667,-19.0,17,22
10m,2023-08-27,wspr_2023-08-27_10m.parquet,N3AGE,23,30,7,5,10,2.0,2.0,0.09902102579427789,0.7142857142857143,-27.0,208,10
10m,2023-08-27,wspr_2023-08-27_10m.parquet,W4WLO,30,33,3,53,9,0.16981132075471697,0.16981132075471697,-0.5910224454053008,-14.666666666666666,-16.0,770,55
10m,2023-09-18,wspr_2023-09-18_10m.parquet,G0LUJ,23,33,10,3,12,4.0,4.0,0.13862943611198905,0.9,-13.0,34,266
10m,2023-09-18,wspr_2023-09-18_10m.parquet,KR6LA,30,33,3,22,6,0.2727272727272727,0.2727272727272727,-0.4330943280434203,-5.333333333333333,-13.5,58,10
10m,2023-09-18,wspr_2023-09-18_10m.parquet,W4WLO,30,33,3,135,20,0.14814814814814814,0.14814814814814814,-0.6365141682948129,-38.333333333333336,-15.0,3330,250
10m,2023-09-19,wspr_2023-09-19_10m.parquet,W4WLO,30,33,3,43,10,0.23255813953488372,0.23255813953488372,-0.4862050075665056,-11.0,-18.0,309,36
10m,2023-09-20,wspr_2023-09-20_10m.parquet,G0LUJ,23,33,10,2,8,4.0,4.0,0.13862943611198905,0.6,-20.0,25,142
10m,2023-09-20,wspr_2023-09-20_10m.parquet,W4WLO,30,33,3,69,13,0.18840579710144928,0.18840579710144928,-0.5563857157119075,-18.666666666666668,-16.0,1612,134
10m,2023-09-21,wspr_2023-09-21_10m.parquet,AL7KT,30,37,7,24,69,2.875,2.875,0.15086466774990195,6.428571428571429,-16.0,27,91
10m,2023-09-21,wspr_2023-09-21_10m.parquet,G0LUJ,23,33,10,5,25,5.0,5.0,0.16094379124341002,2.0,-20.0,31,441
10m,2023-09-21,wspr_2023-09-21_10m.parquet,W2ACR,27,33,6,14,15,1.0714285714285714,1.0714285714285714,0.011498811914491903,0.16666666666666666,-19.0,22,17
10m,2023-09-21,wspr_2023-09-21_10m.parquet,W4WLO,30,33,3,141,19,0.1347517730496454,0.1347517730496454,-0.6681069704039092,-40.666666666666664,-17.0,4350,251
10m,2023-09-22,wspr_2023-09-22_10m.parquet,AA6KD,40,43,3,60,95,1.5833333333333333,1.5833333333333333,0.1531774431261467,11.666666666666666,-12.5,62,671
10m,2023-09-22,wspr_2023-09-22_10m.parquet,G0LUJ,23,33,10,21,17,0.8095238095238095,0.8095238095238095,-0.021130909366720692,-0.4,-22.0,73,196
10m,2023-09-22,wspr_2023-09-22_10m.parquet,KC1KHL,47,50,3,17,94,5.529411764705882,5.529411764705882,0.5700271460712626,25.666666666666668,-22.0,17,335
10m,2023-09-22,wspr_2023-09-22_10m.parquet,W4WLO,30,33,3,171,20,0.11695906432748537,0.11695906432748537,-0.7153104276495563,-50.333333333333336,-18.0,5089,314
10m,2023-09-23,wspr_2023-09-23_10m.parquet,G0LUJ,23,33,10,7,34,4.857142857142857,4.857142857142857,0.15804503755608482,2.7,-23.0,44,328
10m,2023-09-23,wspr_2023-09-23_10m.parquet,KB6PR,37,47,10,32,18,0.5625,0.5625,-0.05753641449035618,-1.4,-19.0,55,18
10m,2023-09-23,wspr_2023-09-23_10m.parquet,PD4FH,30,33,3,4,6,1.5,1.5,0.1351550360360548,0.6666666666666666,-10.0,10,69
10m,2023-09-23,wspr_2023-09-23_10m.parquet,TA4/G8SCU,33,37,4,6,117,19.5,19.5,0.7426036163924252,27.75,-3.5,16,562
10m,2023-09-23,wspr_2023-09-23_10m.parquet,W4WLO,30,33,3,203,21,0.10344827586206896,0.10344827586206896,-0.7562278471061213,-60.666666666666664,-17.0,5631,333
10m,2023-09-24,wspr_2023-09-24_10m.parquet,AL7BX,37,40,3,49,35,0.7142857142857143,0.7142857142857143,-0.11215741220707097,-4.666666666666667,-21.0,173,70
10m,2023-09-24,wspr_2023-09-24_10m.parquet,DL3EL,20,30,10,4,5,1.25,1.25,0.022314355131420976,0.1,-7.5,10,16
10m,2023-09-24,wspr_2023-09-24_10m.parquet,G0LUJ,23,33,10,5,23,4.6,4.6,0.15260563034950492,1.8,-21.0,36,426
10m,2023-09-24,wspr_2023-09-24_10m.parquet,K8DIU,37,43,6,11,11,1.0,1.0,0.0,0.0,-21.5,20,17
10m,2023-09-24,wspr_2023-09-24_10m.parquet,N0BAA,30,33,3,37,42,1.135135135135135,1.135135135135135,0.04225056854638127,1.6666666666666667,-21.0,184,111
10m,2023-09-24,wspr_2023-09-24_10m.parquet,N5AQM,23,27,4,36,61,1.6944444444444444,1.6944444444444444,0.1318387314293003,6.25,-18.0,83,205
10m,2023-09-24,wspr_2023-09-24_10m.parquet,W4WLO,30,33,3,173,24,0.13872832369942195,0.13872832369942195,-0.6584125880499444,-49.666666666666664,-16.0,5070,312
10m,2023-10-16,wspr_2023-10-16_10m.parquet,0H1OBN,27,30,3,11,10,0.9090909090909091,0.9090909090909091,-0.03177005993477496,-0.3333333333333333,-21.0,11,10
10m,2023-10-16,wspr_2023-10-16_10m.parquet,AF6IM,13,23,10,204,23,0.11274509803921569,0.11274509803921569,-0.21826257779150668,-18.1,-16.0,1856,167
10m,2023-10-16,wspr_2023-10-16_10m.parquet,KC6HAI,27,30,3,11,37,3.3636363636363638,3.3636363636363638,0.40434087994861795,8.666666666666666,-21.0,17,64
10m,2023-10-16,wspr_2023-10-16_10m.parquet,KF4AYT,33,37,4,30,14,0.4666666666666667,0.4666666666666667,-0.19053501301172418,-4.0,-18.5,30,14
10m,2023-10-16,wspr_2023-10-16_10m.parquet,LB5MA,37,40,3,10,9,0.9,0.9,-0.035120171885942096,-0.3333333333333333,-14.0,17,10
10m,2023-10-16,wspr_2023-10-16_10m.parquet,M7FUQ,30,40,10,18,27,1.5,1.5,0.040546510810816436,0.9,-22.0,37,27
10m,2023-10-16,wspr_2023-10-16_10m.parquet,W0MDR,20,27,7,35,51,1.457142857142857,1.457142857142857,0.053782510176416005,2.2857142857142856,-18.0,52,52
10m,2023-10-16,wspr_2023-10-16_10m.parquet,W4WLO,30,33,3,233,19,0.0815450643776824,0.0815450643776824,-0.8355331581330868,-71.33333333333333,-18.0,6668,200
10m,2023-10-17,wspr_2023-10-17_10m.parquet,AF6IM,13,23,10,255,7,0.027450980392156862,0.027450980392156862,-0.35953533961031126,-24.8,-16.0,2398,67
10m,2023-10-17,wspr_2023-10-17_10m.parquet,DF3AT,20,27,7,45,116,2.577777777777778,2.577777777777778,0.1352753859051493,10.142857142857142,-18.5,54,767
10m,2023-10-17,wspr_2023-10-17_10m.parquet,DL3EL,20,30,10,68,45,0.6617647058823529,0.6617647058823529,-0.0412845215405787,-2.3,-20.0,199,80
10m,2023-10-17,wspr_2023-10-17_10m.parquet,F5OAA,20,27,7,49,247,5.040816326530612,5.040816326530612,0.2310811483596215,28.285714285714285,-13.0,55,1220
10m,2023-10-17,wspr_2023-10-17_10m.parquet,N9NIP,37,40,3,65,146,2.246153846153846,2.246153846153846,0.2697397839375664,27.0,-14.0,417,450
10m,2023-10-17,wspr_2023-10-17_10m.parquet,N9NIP,37,47,10,65,88,1.353846153846154,1.353846153846154,0.03029495445825694,2.3,-14.0,417,728
10m,2023-10-17,wspr_2023-10-17_10m.parquet,N9NIP,40,47,7,146,88,0.6027397260273972,0.6027397260273972,-0.07232425817573286,-8.285714285714286,-14.0,450,728
10m,2023-10-17,wspr_2023-10-17_10m.parquet,N9NIP,40,50,10,146,343,2.3493150684931505,2.3493150684931505,0.08541238254576035,19.7,-14.0,450,9835
10m,2023-10-17,wspr_2023-10-17_10m.parquet,N9NIP,47,50,3,88,343,3.897727272727273,3.897727272727273,0.4534645442292445,85.0,-14.0,728,9835
10m,2023-10-17,wspr_2023-10-17_10m.parquet,OH4MSJ,20,27,7,101,91,0.900990099009901,0.900990099009901,-0.014894430046344198,-1.4285714285714286,-19.0,445,531
10m,2023-10-17,wspr_2023-10-17_10m.parquet,W4WLO,30,33,3,242,19,0.07851239669421488,0.07851239669421488,-0.8481662489967486,-74.33333333333333,-18.0,6651,216
10m,2023-10-18,wspr_2023-10-18_10m.parquet,DL6YCU,27,30,3,26,22,0.8461538461538461,0.8461538461538461,-0.05568469488772207,-1.3333333333333333,-25.0,91,22
10m,2023-10-18,wspr_2023-10-18_10m.parquet,DL6YCU,27,37,10,26,50,1.9230769230769231,1.9230769230769231,0.0653926467406664,2.4,-25.0,91,82
10m,2023-10-18,wspr_2023-10-18_10m.parquet,DL6YCU,30,37,7,22,50,2.272727272727273,2.272727272727273,0.11728293600997576,4.0,-23.0,22,82
10m,2023-10-18,wspr_2023-10-18_10m.parquet,G4NUO,37,40,3,68,109,1.6029411764705883,1.6029411764705883,0.15728005901767902,13.666666666666666,-18.0,68,855
10m,2023-10-18,wspr_2023-10-18_10m.parquet,K6IA,23,30,7,58,23,0.39655172413793105,0.39655172413793105,-0.13213554208818137,-5.0,-21.0,456,55
10m,2023-10-18,wspr_2023-10-18_10m.parquet,KC6HAI,27,30,3,37,17,0.4594594594594595,0.4594594594594595,-0.2592348561960028,-6.666666666666667,-22.0,79,22
10m,2023-10-18,wspr_2023-10-18_10m.parquet,KF5JMD,30,33,3,80,102,1.275,1.275,0.08098205953679646,7.333333333333333,-14.0,148,444
10m,2023-10-18,wspr_2023-10-18_10m.parquet,KF5JMD,30,37,7,80,78,0.975,0.975,-0.003616829712041414,-0.2857142857142857,-14.0,148,114
10m,2023-10-18,wspr_2023-10-18_10m.parquet,KF5JMD,33,37,4,102,78,0.7647058823529411,0.7647058823529411,-0.06706599664866986,-6.0,-13.0,444,114
10m,2023-10-18,wspr_2023-10-18_10m.parquet,N7KJQ,43,47,4,124,65,0.5241935483870968,0.5241935483870968,-0.16147357392734996,-14.75,-16.0,871,195
10m,2023-10-18,wspr_2023-10-18_10m.parquet,N9NIP,37,47,10,50,258,5.16,5.16,0.16409365794934713,20.8,-14.0,75,2963
10m,2023-10-18,wspr_2023-10-18_10m.parquet,N9NIP,47,50,3,258,122,0.4728682170542636,0.4728682170542636,-0.24964618006278694,-45.333333333333336,-14.0,2963,395
10m,2023-10-18,wspr_2023-10-18_10m.parquet,R3BP,37,40,3,90,76,0.8444444444444444,0.8444444444444444,-0.05635877668131133,-4.666666666666667,-15.0,180,327
10m,2023-10-18,wspr_2023-10-18_10m.parquet,W4WLO,30,33,3,244,21,0.0860655737704918,0.0860655737704918,-0.8175485958565929,-74.33333333333333,-18.0,6696,213
10m,2023-10-18,wspr_2023-10-18_10m.parquet,W7WND,30,37,7,53,100,1.8867924528301887,1.8867924528301887,0.09069689606228136,6.714285714285714,-18.5,116,750
10m,2023-10-18,wspr_2023-10-18_10m.parquet,WB5SRK,37,40,3,32,40,1.25,1.25,0.07438118377140325,2.6666666666666665,-10.0,32,64
10m,2023-10-19,wspr_2023-10-19_10m.parquet,DO3GUA,37,40,3,6,14,2.3333333333333335,2.3333333333333335,0.2824326201290679,2.6666666666666665,-13.0,11,31
10m,2023-10-19,wspr_2023-10-19_10m.parquet,DO3GUA,37,43,6,6,17,2.8333333333333335,2.8333333333333335,0.17357564580469353,1.8333333333333333,-13.0,11,42
10m,2023-10-19,wspr_2023-10-19_10m.parquet,DO3GUA,40,43,3,14,17,1.2142857142857142,1.2142857142857142,0.06471867148031914,1.0,-18.0,31,42
10m,2023-10-19,wspr_2023-10-19_10m.parquet,F5OAA,20,27,7,4,192,48.0,20.0,0.5530287158439845,26.857142857142858,-11.0,13,1124
10m,2023-10-19,wspr_2023-10-19_10m.parquet,KA0UNB,33,37,4,117,91,0.7777777777777778,0.7777777777777778,-0.06282860707022651,-6.5,-5.0,1046,330
10m,2023-10-19,wspr_2023-10-19_10m.parquet,KD2SQR,43,50,7,112,198,1.7678571428571428,1.7678571428571428,0.08139545134277724,12.285714285714286,-15.0,138,727
10m,2023-10-19,wspr_2023-10-19_10m.parquet,KG4INO,27,33,6,8,20,2.5,2.5,0.15271512197902584,2.0,-25.0,12,62
10m,2023-10-19,wspr_2023-10-19_10m.parquet,KG4INO,27,37,10,8,14,1.75,1.75,0.055961578793542265,0.6,-25.0,12,24
10m,2023-10-19,wspr_2023-10-19_10m.parquet,KG4INO,33,37,4,20,14,0.7,0.7,-0.08916873598468311,-1.5,-24.5,62,24
10m,2023-10-19,wspr_2023-10-19_10m.parquet,N9NIP,37,47,10,73,132,1.8082191780821917,1.8082191780821917,0.05923424814379796,5.9,-14.0,176,537
10m,2023-10-19,wspr_2023-10-19_10m.parquet,N9NIP,47,50,3,132,58,0.4393939393939394,0.4393939393939394,-0.2741196373466505,-24.666666666666668,-12.0,537,115
10m,2023-10-19,wspr_2023-10-19_10m.parquet,W0JTM,37,40,3,59,16,0.2711864406779661,0.2711864406779661,-0.43498290722197935,-14.333333333333334,-12.0,215,16
10m,2023-10-19,wspr_2023-10-19_10m.parquet,W4WLO,30,33,3,228,22,0.09649122807017543,0.09649122807017543,-0.779434391865375,-68.66666666666667,-16.0,5909,223
10m,2023-10-19,wspr_2023-10-19_10m.parquet,W7WND,30,37,7,64,49,0.765625,0.765625,-0.03815182646414932,-2.142857142857143,-17.0,198,180
10m,2023-10-19,wspr_2023-10-19_10m.parquet,W7WND,30,40,10,64,48,0.75,0.75,-0.02876820724517809,-1.6,-17.0,198,48
10m,2023-10-19,wspr_2023-10-19_10m.parquet,W7WND,37,40,3,49,48,0.9795918367346939,0.9795918367346939,-0.006873095734245234,-0.3333333333333333,-20.0,180,48
10m,2023-10-19,wspr_2023-10-19_10m.parquet,W7WND,37,43,6,49,11,0.22448979591836735,0.22448979591836735,-0.24898750421870933,-6.333333333333333,-20.0,180,12
10m,2023-10-19,wspr_2023-10-19_10m.parquet,W7WND,37,47,10,49,87,1.7755102040816326,1.7755102040816326,0.057408782054395716,3.8,-20.0,180,177
10m,2023-10-19,wspr_2023-10-19_10m.parquet,W7WND,40,43,3,48,11,0.22916666666666666,0.22916666666666666,-0.4911019127031735,-12.333333333333334,-15.5,48,12
10m,2023-10-19,wspr_2023-10-19_10m.parquet,W7WND,40,47,7,48,87,1.8125,1.8125,0.08495815824952754,5.571428571428571,-15.5,48,177
10m,2023-10-19,wspr_2023-10-19_10m.parquet,W7WND,43,47,4,11,87,7.909090909090909,7.909090909090909,0.5170032114640533,19.0,-16.5,12,177
10m,2023-10-20,wspr_2023-10-20_10m.parquet,0B1KMR,43,53,10,10,15,1.5,1.5,0.040546510810816436,0.5,-17.0,10,15
10m,2023-10-20,wspr_2023-10-20_10m.parquet,DL2YUT,37,43,6,23,36,1.565217391304348,1.565217391304348,0.07467078708782672,2.1666666666666665,-19.0,41,58
10m,2023-10-20,wspr_2023-10-20_10m.parquet,DO3GUA,0,3,3,8,4,0.5,0.5,-0.23104906018664842,-1.3333333333333333,-24.0,19,10
10m,2023-10-20,wspr_2023-10-20_10m.parquet,DO3GUA,40,43,3,16,16,1.0,1.0,0.0,0.0,-19.0,115,82
10m,2023-10-20,wspr_2023-10-20_10m.parquet,G0IFI,10,17,7,8,26,3.25,3.25,0.16837928519166373,2.5714285714285716,-22.0,15,370
10m,2023-10-20,wspr_2023-10-20_10m.parquet,N7KJQ,43,47,4,56,123,2.1964285714285716,2.1964285714285716,0.19670816615931708,16.75,-16.0,198,817
10m,2023-10-20,wspr_2023-10-20_10m.parquet,N9NIP,37,47,10,54,150,2.7777777777777777,2.7777777777777777,0.10216512475319812,9.6,-19.0,54,718
10m,2023-10-20,wspr_2023-10-20_10m.parquet,W4WLO,30,33,3,259,27,0.10424710424710425,0.10424710424710425,-0.7536637318984029,-77.33333333333333,-17.0,6880,283
10m,2023-10-21,wspr_2023-10-21_10m.parquet,N9NIP,37,47,10,32,137,4.28125,4.28125,0.14542450230283982,10.5,-17.0,48,1666
10m,2023-10-21,wspr_2023-10-21_10m.parquet,N9NIP,47,50,3,137,41,0.29927007299270075,0.29927007299270075,-0.4021362863746057,-32.0,-15.0,1666,106
10m,2023-10-21,wspr_2023-10-21_10m.parquet,W4WLO,30,33,3,165,21,0.12727272727272726,0.12727272727272726,-0.6871410120590525,-48.0,-15.0,5459,233
10m,2023-10-22,wspr_2023-10-22_10m.parquet,EA3IPP,43,50,7,54,135,2.5,2.5,0.13089867598202215,11.571428571428571,-21.0,93,626
10m,2023-10-22,wspr_2023-10-22_10m.parquet,F8CND,20,27,7,24,6,0.25,0.25,-0.19804205158855578,-2.5714285714285716,-18.0,49,14
10m,2023-10-22,wspr_2023-10-22_10m.parquet,N7KJQ,43,47,4,134,58,0.43283582089552236,0.43283582089552236,-0.20934919735112303,-19.0,-17.0,1584,169
10m,2023-10-22,wspr_2023-10-22_10m.parquet,N9NIP,37,47,10,46,78,1.6956521739130435,1.6956521739130435,0.05280674302004967,3.2,-16.0,255,232
10m,2023-10-22,wspr_2023-10-22_10m.parquet,OE8IHT,33,37,4,15,18,1.2,1.2,0.04558038919848865,0.75,-18.0,22,18
10m,2023-10-22,wspr_2023-10-22_10m.parquet,W4WLO,30,33,3,240,27,0.1125,0.1125,-0.7282673524458874,-71.0,-17.0,4834,203
10m,2023-10-22,wspr_2023-10-22_10m.parquet,WD6DKW,30,37,7,7,116,16.571428571428573,16.571428571428573,0.4010971488644359,15.571428571428571,-20.0,11,1225
10m,2023-11-20,wspr_2023-11-20_10m.parquet,DO3GUA,0,10,10,10,10,1.0,1.0,0.0,0.0,-24.0,11,11
10m,2023-11-20,wspr_2023-11-20_10m.parquet,DO3GUA,10,13,3,10,26,2.6,2.6,0.31850381500914543,5.333333333333333,-20.0,11,36
10m,2023-11-20,wspr_2023-11-20_10m.parquet,DO3GUA,10,17,7,10,22,2.2,2.2,0.11263676576632432,1.7142857142857142,-20.0,11,29
10m,2023-11-20,wspr_2023-11-20_10m.parquet,DO3GUA,10,20,10,10,16,1.6,1.6,0.04700036292457356,0.6,-20.0,11,24
10m,2023-11-20,wspr_2023-11-20_10m.parquet,DO3GUA,13,17,4,26,22,0.8461538461538461,0.8461538461538461,-0.04176352116579155,-1.0,-22.5,36,29
10m,2023-11-20,wspr_2023-11-20_10m.parquet,DO3GUA,13,20,7,26,16,0.6153846153846154,0.6153846153846154,-0.06935825939738582,-1.4285714285714286,-22.5,36,24
10m,2023-11-20,wspr_2023-11-20_10m.parquet,DO3GUA,17,20,3,22,16,0.7272727272727273,0.7272727272727273,-0.10615124370617819,-2.0,-22.0,29,24
10m,2023-11-20,wspr_2023-11-20_10m.parquet,DO3GUA,40,43,3,19,36,1.894736842105263,1.894736842105263,0.21302665309655652,5.666666666666667,-23.0,25,95
10m,2023-11-20,wspr_2023-11-20_10m.parquet,KC3WRY,37,40,3,48,60,1.25,1.25,0.07438118377140325,4.0,-18.0,106,156
10m,2023-11-20,wspr_2023-11-20_10m.parquet,N2MS,30,37,7,21,17,0.8095238095238095,0.8095238095238095,-0.030187013381029557,-0.5714285714285714,-8.0,24,18
10m,2023-11-20,wspr_2023-11-20_10m.parquet,SA6BSS,43,47,4,151,44,0.2913907284768212,0.2913907284768212,-0.3082725507241658,-26.75,-17.0,1692,44
10m,2023-11-20,wspr_2023-11-20_10m.parquet,VE2BJG,37,40,3,172,55,0.31976744186046513,0.31976744186046513,-0.38005376386032735,-39.0,-11.0,368,84
10m,2023-11-20,wspr_2023-11-20_10m.parquet,VE3RXN,20,23,3,16,107,6.6875,6.6875,0.6334133707407082,30.333333333333332,-22.0,105,1715
10m,2023-11-20,wspr_2023-11-20_10m.parquet,W4WLO,30,33,3,225,23,0.10222222222222223,0.10222222222222223,-0.7602020620917568,-67.33333333333333,-15.0,4988,215
10m,2023-11-21,wspr_2023-11-21_10m.parquet,AD0VC,13,17,4,63,15,0.23809523809523808,0.23809523809523808,-0.3587711313223307,-12.0,-18.0,164,26
10m,2023-11-21,wspr_2023-11-21_10m.parquet,DL5SFB,7,10,3,13,18,1.3846153846153846,1.3846153846153846,0.10847413347820932,1.6666666666666667,-17.0,39,109
10m,2023-11-21,wspr_2023-11-21_10m.parquet,DL6YCU,23,27,4,52,44,0.8461538461538461,0.8461538461538461,-0.04176352116579155,-2.0,-14.0,83,73
10m,2023-11-21,wspr_2023-11-21_10m.parquet,DO3GUA,27,30,3,10,9,0.9,0.9,-0.035120171885942096,-0.3333333333333333,-21.0,13,10
10m,2023-11-21,wspr_2023-11-21_10m.parquet,M7CTD,17,27,10,9,29,3.2222222222222223,3.2222222222222223,0.11700712526502546,2.0,-18.0,11,38
10m,2023-11-21,wspr_2023-11-21_10m.parquet,M7CTD,27,33,6,29,42,1.4482758620689655,1.4482758620689655,0.06172896471614905,2.1666666666666665,-20.5,38,99
10m,2023-11-21,wspr_2023-11-21_10m.parquet,M7CTD,33,40,7,42,105,2.5,2.5,0.13089867598202215,9.0,-18.0,99,236
10m,2023-11-21,wspr_2023-11-21_10m.parquet,N9NIP,37,47,10,48,139,2.8958333333333335,2.8958333333333335,0.10632729222228007,9.1,-17.0,48,686
10m,2023-11-21,wspr_2023-11-21_10m.parquet,SA6BSS,47,50,3,96,49,0.5104166666666666,0.5104166666666666,-0.22417596445240326,-15.666666666666666,-17.0,1152,122
10m,2023-11-21,wspr_2023-11-21_10m.parquet,W4WLO,30,33,3,230,33,0.14347826086956522,0.14347826086956522,-0.6471905824855717,-65.66666666666667,-14.0,5663,263
10m,2023-11-21,wspr_2023-11-21_10m.parquet,WB5SRK,37,43,6,82,66,0.8048780487804879,0.8048780487804879,-0.036177417539637914,-2.6666666666666665,-13.0,925,88
10m,2023-11-22,wspr_2023-11-22_10m.parquet,DO3GUA,43,53,10,44,31,0.7045454545454546,0.7045454545454546,-0.035020242943311485,-1.3,-18.0,272,149
10m,2023-11-22,wspr_2023-11-22_10m.parquet,DO3GUA,53,57,4,31,14,0.45161290322580644,0.45161290322580644,-0.1987324687174719,-4.25,-17.0,149,14
10m,2023-11-22,wspr_2023-11-22_10m.parquet,SA6BSS,47,50,3,182,73,0.4010989010989011,0.4010989010989011,-0.3045157486428014,-36.333333333333336,-18.0,4538,125
10m,2023-11-22,wspr_2023-11-22_10m.parquet,W4WLO,30,33,3,275,30,0.10909090909090909,0.10909090909090909,-0.7385245720014719,-81.66666666666667,-16.0,6875,298
10m,2023-11-22,wspr_2023-11-22_10m.parquet,W6NXU,23,33,10,51,123,2.411764705882353,2.411764705882353,0.08803587226480916,7.2,-23.0,512,359
10m,2023-11-22,wspr_2023-11-22_10m.parquet,W7WND,30,37,7,50,71,1.42,1.42,0.050093838801881334,3.0,-17.0,117,476
10m,2023-11-23,wspr_2023-11-23_10m.parquet,DO3GUA,40,43,3,8,13,1.625,1.625,0.16183593859390027,1.6666666666666667,-16.0,12,54
10m,2023-11-23,wspr_2023-11-23_10m.parquet,M7CTD,23,30,7,8,11,1.375,1.375,0.045493390159790655,0.42857142857142855,-15.0,13,11
10m,2023-11-23,wspr_2023-11-23_10m.parquet,N6OR,30,37,7,62,47,0.7580645161290323,0.7580645161290323,-0.03956954047643328,-2.142857142857143,-17.0,128,48
10m,2023-11-23,wspr_2023-11-23_10m.parquet,VE9SRC,37,40,3,133,231,1.736842105263158,1.736842105263158,0.18402286076667995,32.666666666666664,-12.0,229,1092
10m,2023-11-23,wspr_2023-11-23_10m.parquet,VE9SRC,37,43,6,133,151,1.1353383458646618,1.1353383458646618,0.021155118098861777,3.0,-12.0,229,250
10m,2023-11-23,wspr_2023-11-23_10m.parquet,VE9SRC,40,43,3,231,151,0.6536796536796536,0.6536796536796536,-0.14171262456895642,-26.666666666666668,-13.0,1092,250
10m,2023-11-23,wspr_2023-11-23_10m.parquet,W4WLO,30,33,3,242,26,0.10743801652892562,0.10743801652892562,-0.7436137293784014,-72.0,-16.0,5967,226
10m,2023-11-23,wspr_2023-11-23_10m.parquet,W6NXU,23,33,10,55,113,2.0545454545454547,2.0545454545454547,0.07200546334798698,5.8,-22.0,1060,344
10m,2023-11-24,wspr_2023-11-24_10m.parquet,0D0GLH,7,10,3,16,27,1.6875,1.6875,0.17441604792151597,3.6666666666666665,-18.0,30,34
10m,2023-11-24,wspr_2023-11-24_10m.parquet,0D0GLH,7,17,10,16,9,0.5625,0.5625,-0.05753641449035618,-0.7,-18.0,30,11
10m,2023-11-24,wspr_2023-11-24_10m.parquet,0D0GLH,10,17,7,27,9,0.3333333333333333,0.3333333333333333,-0.15694461266687282,-2.5714285714285716,-18.0,34,11
10m,2023-11-24,wspr_2023-11-24_10m.parquet,0D0GLH,17,27,10,9,14,1.5555555555555556,1.5555555555555556,0.044183275227903926,0.5,-22.0,11,14
10m,2023-11-24,wspr_2023-11-24_10m.parquet,0D0GLH,40,47,7,12,17,1.4166666666666667,1.4166666666666667,0.04975809918117369,0.7142857142857143,-20.0,12,17
10m,2023-11-24,wspr_2023-11-24_10m.parquet,0D0GLH,40,50,10,12,16,1.3333333333333333,1.3333333333333333,0.028768207245178083,0.4,-20.0,12,16
10m,2023-11-24,wspr_2023-11-24_10m.parquet,0D0GLH,47,50,3,17,16,0.9411764705882353,0.9411764705882353,-0.02020820727214495,-0.3333333333333333,-20.0,17,16
10m,2023-11-24,wspr_2023-11-24_10m.parquet,0D0GLH,47,53,6,17,19,1.1176470588235294,1.1176470588235294,0.018537605851704067,0.3333333333333333,-20.0,17,19
10m,2023-11-24,wspr_2023-11-24_10m.parquet,0D0GLH,50,53,3,16,19,1.1875,1.1875,0.05728341897555308,1.0,-19.0,16,19
10m,2023-11-24,wspr_2023-11-24_10m.parquet,DL3IAD,27,30,3,24,63,2.625,2.625,0.321693632014529,13.0,-20.0,24,195
10m,2023-11-24,wspr_2023-11-24_10m.parquet,DO3GUA,17,23,6,7,6,0.8571428571428571,0.8571428571428571,-0.025691779971209725,-0.16666666666666666,-20.0,11,13
10m,2023-11-24,wspr_2023-11-24_10m.parquet,DO3GUA,17,27,10,7,8,1.1428571428571428,1.1428571428571428,0.013353139262452258,0.1,-20.0,11,27
10m,2023-11-24,wspr_2023-11-24_10m.parquet,DO3GUA,23,27,4,6,8,1.3333333333333333,1.3333333333333333,0.07192051811294521,0.5,-18.0,13,27
10m,2023-11-24,wspr_2023-11-24_10m.parquet,DO3GUA,23,30,7,6,7,1.1666666666666667,1.1666666666666667,0.022021525689608336,0.14285714285714285,-18.0,13,21
10m,2023-11-24,wspr_2023-11-24_10m.parquet,DO3GUA,27,30,3,8,7,0.875,0.875,-0.04451046420817421,-0.3333333333333333,-19.0,27,21
10m,2023-11-24,wspr_2023-11-24_10m.parquet,DO3GUA,30,40,10,7,5,0.7142857142857143,0.7142857142857143,-0.03364722366212129,-0.2,-20.0,21,13
10m,2023-11-24,wspr_2023-11-24_10m.parquet,DO3GUA,40,43,3,5,13,2.6,2.6,0.31850381500914543,2.6666666666666665,-18.0,13,64
10m,2023-11-24,wspr_2023-11-24_10m.parquet,KF7ES,37,43,6,124,109,0.8790322580645161,0.8790322580645161,-0.02148894722931553,-2.5,-13.0,1025,158
10m,2023-11-24,wspr_2023-11-24_10m.parquet,PA3GLH,23,27,4,50,60,1.2,1.2,0.04558038919848865,2.5,-19.0,192,165
10m,2023-11-24,wspr_2023-11-24_10m.parquet,PD1TUX,30,33,3,68,10,0.14705882352941177,0.14705882352941177,-0.6389742040606871,-19.333333333333332,-17.0,527,10
10m,2023-11-24,wspr_2023-11-24_10m.parquet,W4WLO,30,33,3,249,29,0.11646586345381527,0.11646586345381527,-0.7167190221594112,-73.33333333333333,-14.0,5359,229
10m,2023-11-24,wspr_2023-11-24_10m.parquet,W6NXU,23,33,10,72,98,1.3611111111111112,1.3611111111111112,0.030830135965451665,2.6,-22.0,1182,263
10m,2023-11-24,wspr_2023-11-24_10m.parquet,WX7JDL,40,43,3,19,21,1.105263157894737,1.105263157894737,0.03336115285232754,0.6666666666666666,-17.0,29,34
10m,2023-11-25,wspr_2023-11-25_10m.parquet,DL1BAK,27,30,3,43,20,0.46511627906976744,0.46511627906976744,-0.25515594737985714,-7.666666666666667,-15.5,144,24
10m,2023-11-25,wspr_2023-11-25_10m.parquet,DO3GUA,13,17,4,11,11,1.0,1.0,0.0,0.0,-21.0,18,20
10m,2023-11-25,wspr_2023-11-25_10m.parquet,DO3GUA,13,20,7,11,13,1.1818181818181819,1.1818181818181819,0.023864869237595177,0.2857142857142857,-21.0,18,29
10m,2023-11-25,wspr_2023-11-25_10m.parquet,DO3GUA,13,23,10,11,24,2.1818181818181817,2.1818181818181817,0.0780158557549575,1.3,-21.0,18,76
10m,2023-11-25,wspr_2023-11-25_10m.parquet,DO3GUA,17,20,3,11,13,1.1818181818181819,1.1818181818181819,0.055684694887722076,0.6666666666666666,-23.0,20,29
10m,2023-11-25,wspr_2023-11-25_10m.parquet,DO3GUA,17,23,6,11,24,2.1818181818181817,2.1818181818181817,0.1300264262582625,2.1666666666666665,-23.0,20,76
10m,2023-11-25,wspr_2023-11-25_10m.parquet,DO3GUA,20,23,3,13,24,1.8461538461538463,1.8461538461538463,0.20436815762880298,3.6666666666666665,-23.0,29,76
10m,2023-11-25,wspr_2023-11-25_10m.parquet,DO3GUA,23,33,10,24,7,0.2916666666666667,0.2916666666666667,-0.12321436812926323,-1.7,-22.0,76,11
10m,2023-11-25,wspr_2023-11-25_10m.parquet,DO3GUA,33,40,7,7,11,1.5714285714285714,1.5714285714285714,0.06456930339186531,0.5714285714285714,-21.0,11,14
10m,2023-11-25,wspr_2023-11-25_10m.parquet,DO3GUA,33,43,10,7,32,4.571428571428571,4.571428571428571,0.15198257537444132,2.5,-21.0,11,151
10m,2023-11-25,wspr_2023-11-25_10m.parquet,DO3GUA,40,43,3,11,32,2.909090909090909,2.909090909090909,0.3559468766671187,7.0,-23.0,14,151
10m,2023-11-25,wspr_2023-11-25_10m.parquet,F5OAA,20,30,10,8,13,1.625,1.625,0.04855078157817008,0.5,-21.0,33,18
10m,2023-11-25,wspr_2023-11-25_10m.parquet,IU1GLI,20,30,10,13,14,1.0769230769230769,1.0769230769230769,0.007410797215372184,0.1,-18.0,27,50
10m,2023-11-25,wspr_2023-11-25_10m.parquet,IU1GLI,30,33,3,14,16,1.1428571428571428,1.1428571428571428,0.04451046420817419,0.6666666666666666,-22.5,50,16
10m,2023-11-25,wspr_2023-11-25_10m.parquet,KD6JWK,23,27,4,27,67,2.4814814814814814,2.4814814814814814,0.22721393834665923,10.0,-19.0,27,242
10m,2023-11-25,wspr_2023-11-25_10m.parquet,KK7OTQ,37,40,3,30,19,0.6333333333333333,0.6333333333333333,-0.15225280083190498,-3.6666666666666665,-18.0,36,20
10m,2023-11-25,wspr_2023-11-25_10m.parquet,W4WLO,30,33,3,232,25,0.10775862068965517,0.10775862068965517,-0.7426205155993698,-69.0,-15.0,5531,213
10m,2023-11-25,wspr_2023-11-25_10m.parquet,W6NXU,23,33,10,57,63,1.105263157894737,1.105263157894737,0.010008345855698262,0.6,-22.0,1101,123
10m,2023-11-25,wspr_2023-11-25_10m.parquet,WB5SRK,37,40,3,34,101,2.9705882352941178,2.9705882352941178,0.36291999740836606,22.333333333333332,-12.0,46,1235
10m,2023-11-25,wspr_2023-11-25_10m.parquet,WB5SRK,37,43,6,34,57,1.6764705882352942,1.6764705882352942,0.08611512386973147,3.8333333333333335,-12.0,46,295
10m,2023-11-25,wspr_2023-11-25_10m.parquet,WB5SRK,40,43,3,101,57,0.5643564356435643,0.5643564356435643,-0.19068974966890315,-14.666666666666666,-14.0,1235,295
10m,2023-11-26,wspr_2023-11-26_10m.parquet,KD5JRW,33,37,4,65,66,1.0153846153846153,1.0153846153846153,0.003816868032697095,0.25,-7.0,90,66
10m,2023-11-26,wspr_2023-11-26_10m.parquet,KD5JRW,33,40,7,65,78,1.2,1.2,0.026045936684850658,1.8571428571428572,-7.0,90,78
10m,2023-11-26,wspr_2023-11-26_10m.parquet,KD5JRW,37,40,3,66,78,1.1818181818181819,1.1818181818181819,0.055684694887722076,4.0,-16.0,66,78
10m,2023-11-26,wspr_2023-11-26_10m.parquet,KD9QXL,37,47,10,196,192,0.9795918367346939,0.9795918367346939,-0.00206192872027357,-0.4,-6.0,196,341
10m,2023-11-26,wspr_2023-11-26_10m.parquet,KJ6FO,20,30,10,18,122,6.777777777777778,6.777777777777778,0.1913649286837092,10.4,-14.5,26,1071
10m,2023-11-26,wspr_2023-11-26_10m.parquet,KJ6FO,30,37,7,122,127,1.040983606557377,1.040983606557377,0.005738005960762093,0.7142857142857143,-14.0,1071,653
10m,2023-11-26,wspr_2023-11-26_10m.parquet,KK7OTQ,37,40,3,32,10,0.3125,0.3125,-0.3877169366018936,-7.333333333333333,-19.0,48,10
10m,2023-11-26,wspr_2023-11-26_10m.parquet,M7TON,20,30,10,26,10,0.38461538461538464,0.38461538461538464,-0.09555114450274363,-1.6,-16.5,132,10
10m,2023-11-26,wspr_2023-11-26_10m.parquet,VA3ROM,10,20,10,31,43,1.3870967741935485,1.3870967741935485,0.03272129112084162,1.2,-21.0,66,353
10m,2023-11-26,wspr_2023-11-26_10m.parquet,VE2BJG,37,40,3,143,102,0.7132867132867133,0.7132867132867133,-0.11262393899187871,-13.666666666666666,-12.0,377,102
10m,2023-11-26,wspr_2023-11-26_10m.parquet,W4WLO,30,33,3,260,32,0.12307692307692308,0.12307692307692308,-0.6983152427386004,-76.0,-14.0,6012,282
10m,2023-12-18,wspr_2023-12-18_10m.parquet,G0KTN,13,17,4,9,16,1.7777777777777777,1.7777777777777777,0.14384103622589045,1.75,-23.0,17,65
10m,2023-12-18,wspr_2023-12-18_10m.parquet,N3CHX,20,23,3,46,16,0.34782608695652173,0.34782608695652173,-0.3520175580831046,-10.0,-20.5,144,56
10m,2023-12-19,wspr_2023-12-19_10m.parquet,AF5U,33,37,4,51,72,1.411764705882353,1.411764705882353,0.0862101215729324,5.25,-10.0,61,72
10m,2023-12-19,wspr_2023-12-19_10m.parquet,AF5U,37,47,10,72,102,1.4166666666666667,1.4166666666666667,0.03483066942682158,3.0,-8.5,72,237
10m,2023-12-19,wspr_2023-12-19_10m.parquet,DL3YAV,27,37,10,7,17,2.4285714285714284,2.4285714285714284,0.08873031950009028,1.0,-14.0,10,62
10m,2023-12-19,wspr_2023-12-19_10m.parquet,KI5UZI,37,47,10,19,53,2.789473684210526,2.789473684210526,0.10258529343856812,3.4,-7.0,19,53
10m,2023-12-20,wspr_2023-12-20_10m.parquet,W4LT,30,37,7,272,44,0.16176470588235295,0.16176470588235295,-0.2602303474825337,-32.57142857142857,-16.0,2438,80
10m,2023-12-20,wspr_2023-12-20_10m.parquet,W8AC,30,37,7,232,2,0.008620689655172414,0.008620689655172414,-0.6790843130151949,-32.857142857142854,-19.0,2303,18
10m,2023-12-22,wspr_2023-12-22_10m.parquet,AF5U,37,47,10,24,98,4.083333333333333,4.083333333333333,0.14069136483226263,7.4,-11.5,24,544
10m,2023-12-22,wspr_2023-12-22_10m.parquet,K8CHY,30,37,7,53,49,0.9245283018867925,0.9245283018867925,-0.011210230777356459,-0.5714285714285714,-20.0,243,171
10m,2023-12-22,wspr_2023-12-22_10m.parquet,K8TXM,30,37,7,27,18,0.6666666666666666,0.6666666666666666,-0.05792358687259492,-1.2857142857142858,-14.0,27,18
10m,2023-12-23,wspr_2023-12-23_10m.parquet,KE8BZZ,37,43,6,31,42,1.3548387096774193,1.3548387096774193,0.050613735633037,1.8333333333333333,-17.0,49,83
10m,2023-12-23,wspr_2023-12-23_10m.parquet,KI4TWB,23,33,10,16,106,6.625,6.625,0.1890850371872286,9.0,-22.0,23,562
10m,2023-12-23,wspr_2023-12-23_10m.parquet,N9XY,37,43,6,61,72,1.180327868852459,1.180327868852459,0.027632042473790672,1.8333333333333333,-14.0,217,120
10m,2023-12-23,wspr_2023-12-23_10m.parquet,SA6BSS,40,43,3,137,115,0.8394160583941606,0.8394160583941606,-0.0583495991549583,-7.333333333333333,-17.0,1346,598
10m,2023-12-23,wspr_2023-12-23_10m.parquet,W1DWE,30,33,3,50,48,0.96,0.96,-0.013607331506751722,-0.6666666666666666,-16.0,173,75
10m,2023-12-24,wspr_2023-12-24_10m.parquet,K8CHY,30,37,7,87,139,1.5977011494252873,1.5977011494252873,0.06693797349658685,7.428571428571429,-14.5,484,884
10m,2023-12-24,wspr_2023-12-24_10m.parquet,KI4TWB,23,33,10,25,121,4.84,4.84,0.15769147207285403,9.6,-16.0,39,773
10m,2023-12-24,wspr_2023-12-24_10m.parquet,SA6BSS,40,43,3,191,71,0.3717277486910995,0.3717277486910995,-0.3298645170017715,-40.0,-19.0,3160,71
10m,2023-12-24,wspr_2023-12-24_10m.parquet,VA3SQZ,33,37,4,14,19,1.3571428571428572,1.3571428571428572,0.07634541238779548,1.25,-14.5,40,39
10m,2024-05-07,wspr_2024-05-07_10m.parquet,DL5SFB,23,30,7,1,3,3.0,3.0,0.15694461266687282,0.2857142857142857,-23.0,12,16
10m,2024-05-07,wspr_2024-05-07_10m.parquet,DO3GUA,40,43,3,11,11,1.0,1.0,0.0,0.0,-15.0,89,51
10m,2024-05-08,wspr_2024-05-08_10m.parquet,DO3GUA,3,7,4,11,10,0.9090909090909091,0.9090909090909091,-0.023827544951081223,-0.25,-15.0,57,39
10m,2024-05-08,wspr_2024-05-08_10m.parquet,DO3GUA,3,10,7,11,8,0.7272727272727273,0.7272727272727273,-0.045493390159790655,-0.42857142857142855,-15.0,57,20
10m,2024-05-08,wspr_2024-05-08_10m.parquet,DO3GUA,7,10,3,10,8,0.8,0.8,-0.07438118377140324,-0.6666666666666666,-17.0,39,20
10m,2024-05-08,wspr_2024-05-08_10m.parquet,DO3GUA,37,40,3,9,8,0.8888888888888888,0.8888888888888888,-0.03926101188546117,-0.3333333333333333,-21.0,10,31
10m,2024-05-08,wspr_2024-05-08_10m.parquet,DO3GUA,37,43,6,9,15,1.6666666666666667,1.6666666666666667,0.08513760396099845,1.0,-21.0,10,176
10m,2024-05-08,wspr_2024-05-08_10m.parquet,DO3GUA,40,43,3,8,15,1.875,1.875,0.20953621980745804,2.3333333333333335,-17.0,31,176
10m,2024-05-08,wspr_2024-05-08_10m.parquet,EA8CIF,30,37,7,7,8,1.1428571428571428,1.1428571428571428,0.019075913232074655,0.14285714285714285,-23.5,12,12
10m,2024-05-08,wspr_2024-05-08_10m.parquet,EA8DJF,37,40,3,31,22,0.7096774193548387,0.7096774193548387,-0.11431491704227677,-3.0,-19.0,78,22
10m,2024-05-08,wspr_2024-05-08_10m.parquet,G1WSA,0,10,10,4,25,6.25,6.25,0.183258146374831,2.1,-21.5,18,76
10m,2024-05-08,wspr_2024-05-08_10m.parquet,WG3K,37,40,3,5,17,3.4,3.4,0.40792514387403855,4.0,-25.5,14,17
10m,2024-05-09,wspr_2024-05-09_10m.parquet,AE7YQ,20,23,3,81,66,0.8148148148148148,0.8148148148148148,-0.06826480421533776,-5.0,-18.0,1390,649
10m,2024-05-09,wspr_2024-05-09_10m.parquet,AE7YQ,23,33,10,66,92,1.393939393939394,1.393939393939394,0.03321338350226148,2.6,-19.0,649,536
10m,2024-05-09,wspr_2024-05-09_10m.parquet,DL5SFB,33,40,7,28,4,0.14285714285714285,0.14285714285714285,-0.2779871641507591,-3.4285714285714284,-15.5,72,29
10m,2024-05-09,wspr_2024-05-09_10m.parquet,DO3GUA,37,40,3,4,7,1.75,1.75,0.18653859597847422,1.0,-22.0,12,19
10m,2024-05-09,wspr_2024-05-09_10m.parquet,DO3GUA,37,43,6,4,7,1.75,1.75,0.09326929798923711,0.5,-22.0,12,96
10m,2024-05-09,wspr_2024-05-09_10m.parquet,DO3GUA,40,43,3,7,7,1.0,1.0,0.0,0.0,-17.0,19,96
10m,2024-05-09,wspr_2024-05-09_10m.parquet,N2TAO,27,37,10,47,37,0.7872340425531915,0.7872340425531915,-0.023922968906583412,-1.0,-16.0,611,140
10m,2024-05-09,wspr_2024-05-09_10m.parquet,N6KOG,30,37,7,126,30,0.23809523809523808,0.23809523809523808,-0.20501207504133181,-13.714285714285714,-15.0,949,57
10m,2024-05-10,wspr_2024-05-10_10m.parquet,AC9YY,23,30,7,16,1,0.0625,0.0625,-0.39608410317711157,-2.142857142857143,-5.0,57,59
10m,2024-05-10,wspr_2024-05-10_10m.parquet,DL6NL,27,30,3,1,40,40.0,20.0,1.2296264847046454,13.0,-24.0,16,886
10m,2024-05-10,wspr_2024-05-10_10m.parquet,DO3GUA,33,43,10,6,19,3.1666666666666665,3.1666666666666665,0.11526795099383853,1.3,-21.0,13,249
10m,2024-05-10,wspr_2024-05-10_10m.parquet,DO3GUA,43,47,4,19,10,0.5263157894736842,0.5263157894736842,-0.1604634715430987,-2.25,-20.0,249,52
10m,2024-05-10,wspr_2024-05-10_10m.parquet,G4SHS,37,40,3,18,26,1.4444444444444444,1.4444444444444444,0.12257492670843911,2.6666666666666665,-18.0,181,241
10m,2024-05-10,wspr_2024-05-10_10m.parquet,KC5LT,30,37,7,50,24,0.48,0.48,-0.1048527392971715,-3.7142857142857144,-14.0,217,28
10m,2024-05-10,wspr_2024-05-10_10m.parquet,KZ4RB,23,27,4,50,1,0.02,0.02,-0.9780057513570365,-12.25,-19.0,291,11
10m,2024-05-10,wspr_2024-05-10_10m.parquet,NI5F,33,37,4,78,2,0.02564102564102564,0.02564102564102564,-0.9158904115324116,-19.0,-13.0,741,83
10m,2024-05-10,wspr_2024-05-10_10m.parquet,W0NAK,37,43,6,68,26,0.38235294117647056,0.38235294117647056,-0.16023519452577079,-7.0,-15.5,282,42
10m,2024-05-11,wspr_2024-05-11_10m.parquet,AC9YY,23,30,7,12,1,0.08333333333333333,0.08333333333333333,-0.35498666425542863,-1.5714285714285714,11.0,52,11
10m,2024-05-11,wspr_2024-05-11_10m.parquet,KZ4RB,23,27,4,12,1,0.08333333333333333,0.08333333333333333,-0.6212266624470001,-2.75,-19.0,18,25
10m,2024-05-11,wspr_2024-05-11_10m.parquet,NI5F,33,37,4,44,1,0.022727272727272728,0.022727272727272728,-0.9460474084795653,-10.75,-15.0,97,67
10m,2024-05-12,wspr_2024-05-12_10m.parquet,AC9YY,23,30,7,2,1,0.5,0.5,-0.09902102579427789,-0.14285714285714285,12.0,43,24
10m,2024-05-12,wspr_2024-05-12_10m.parquet,DL4SKY,37,43,6,19,6,0.3157894736842105,0.3157894736842105,-0.1921132516563976,-2.1666666666666665,-18.5,46,13
10m,2024-05-12,wspr_2024-05-12_10m.parquet,DL5SFB,27,30,3,27,4,0.14814814814814814,0.14814814814814814,-0.6365141682948129,-7.666666666666667,-12.5,72,25
10m,2024-05-12,wspr_2024-05-12_10m.parquet,DO3GUA,33,43,10,8,11,1.375,1.375,0.03184537311185346,0.3,-23.0,29,54
10m,2024-05-12,wspr_2024-05-12_10m.parquet,G1WSA,0,10,10,7,22,3.142857142857143,3.142857142857143,0.11451323043030026,1.5,-24.0,20,83
10m,2024-05-12,wspr_2024-05-12_10m.parquet,KK4WJF,47,53,6,10,9,0.9,0.9,-0.017560085942971048,-0.16666666666666666,-24.0,38,13
10m,2024-05-12,wspr_2024-05-12_10m.parquet,KK4YEL,23,27,4,1,36,36.0,20.0,0.8958797346140275,8.75,-22.0,68,263
10m,2024-05-12,wspr_2024-05-12_10m.parquet,KZ4RB,23,27,4,19,1,0.05263157894736842,0.05263157894736842,-0.7361097447916102,-4.5,-23.0,67,34
10m,2024-05-12,wspr_2024-05-12_10m.parquet,NI5F,33,37,4,49,2,0.04081632653061224,0.04081632653061224,-0.7996682793876704,-11.75,-18.5,292,79
10m,2024-05-13,wspr_2024-05-13_10m.parquet,DO3GUA,33,37,4,3,4,1.3333333333333333,1.3333333333333333,0.07192051811294521,0.25,-25.0,19,25
10m,2024-05-13,wspr_2024-05-13_10m.parquet,DO3GUA,33,43,10,3,6,2.0,2.0,0.06931471805599453,0.3,-25.0,19,70
10m,2024-05-13,wspr_2024-05-13_10m.parquet,DO3GUA,37,43,6,4,6,1.5,1.5,0.0675775180180274,0.3333333333333333,-24.0,25,70
10m,2024-05-13,wspr_2024-05-13_10m.parquet,G1WSA,0,10,10,15,41,2.7333333333333334,2.7333333333333334,0.10055218656020977,2.6,-22.0,43,195
10m,2024-05-13,wspr_2024-05-13_10m.parquet,KK4YEL,23,27,4,1,20,20.0,20.0,0.7489330683884977,4.75,-12.5,14,88
10m,2024-05-13,wspr_2024-05-13_10m.parquet,NI5F,33,37,4,2,1,0.5,0.5,-0.17328679513998632,-0.25,-17.0,26,10
10m,2024-05-14,wspr_2024-05-14_10m.parquet,DO3GUA,40,43,3,9,14,1.5555555555555556,1.5555555555555556,0.1472775840930131,1.6666666666666667,-24.0,42,72
10m,2024-05-14,wspr_2024-05-14_10m.parquet,KN4FLF,50,57,7,31,23,0.7419354838709677,0.7419354838709677,-0.0426418555079995,-1.1428571428571428,-20.0,86,35
10m,2024-05-14,wspr_2024-05-14_10m.parquet,PD0R,30,33,3,15,23,1.5333333333333334,1.5333333333333334,0.14248133827564655,2.6666666666666665,-14.0,43,109
10m,2024-05-14,wspr_2024-05-14_10m.parquet,PD0R,30,37,7,15,7,0.4666666666666667,0.4666666666666667,-0.10887715029241382,-1.1428571428571428,-14.0,43,10
10m,2024-05-14,wspr_2024-05-14_10m.parquet,PD0R,33,37,4,23,7,0.30434782608695654,0.30434782608695654,-0.29739601671845906,-4.0,-14.0,109,10
10m,2024-05-14,wspr_2024-05-14_10m.parquet,W8JTF,43,47,4,24,35,1.4583333333333333,1.4583333333333333,0.094323557785367,2.75,-9.0,25,57
20m,2023-05-15,wspr_2023-05-15_20m.parquet,AG2L,37,43,6,163,76,0.4662576687116564,0.4662576687116564,-0.1271694767534052,-14.5,-15.0,431,76
20m,2023-05-15,wspr_2023-05-15_20m.parquet,CK3VYT,37,40,3,88,93,1.0568181818181819,1.0568181818181819,0.018420892891683173,1.6666666666666667,-16.0,175,137
20m,2023-05-15,wspr_2023-05-15_20m.parquet,DK3BI,23,33,10,30,88,2.933333333333333,2.933333333333333,0.10761394328160509,5.8,-15.5,400,1231
20m,2023-05-15,wspr_2023-05-15_20m.parquet,IZ2QKG,33,37,4,25,55,2.2,2.2,0.19711434009106757,7.5,-15.0,45,150
20m,2023-05-15,wspr_2023-05-15_20m.parquet,KC1PHY,33,43,10,35,233,6.6571428571428575,6.6571428571428575,0.1895690392076287,19.8,-13.0,35,397
20m,2023-05-15,wspr_2023-05-15_20m.parquet,KD9TVT,37,40,3,25,42,1.68,1.68,0.1729312644717225,5.666666666666667,-13.0,25,42
20m,2023-05-15,wspr_2023-05-15_20m.parquet,KE4VWK,30,33,3,14,13,0.9285714285714286,0.9285714285714286,-0.02470265738457395,-0.3333333333333333,-22.0,14,13
20m,2023-05-15,wspr_2023-05-15_20m.parquet,M0WWJ,13,23,10,8,12,1.5,1.5,0.040546510810816436,0.4,-21.0,23,42
20m,2023-05-15,wspr_2023-05-15_20m.parquet,MM7BWK,33,37,4,110,242,2.2,2.2,0.19711434009106757,33.0,-20.0,563,3512
20m,2023-05-15,wspr_2023-05-15_20m.parquet,N0TZC,40,47,7,110,46,0.41818181818181815,0.41818181818181815,-0.12454842418618875,-9.142857142857142,-13.0,304,46
20m,2023-05-15,wspr_2023-05-15_20m.parquet,N3AGE,23,30,7,20,29,1.45,1.45,0.053080508061783285,1.2857142857142858,-17.0,585,116
20m,2023-05-15,wspr_2023-05-15_20m.parquet,N5AQM,27,30,3,127,85,0.6692913385826772,0.6692913385826772,-0.13384527665609158,-14.0,-18.0,774,85
20m,2023-05-15,wspr_2023-05-15_20m.parquet,N5AQM,27,37,10,127,93,0.7322834645669292,0.7322834645669292,-0.031158759330533532,-3.4,-18.0,774,93
20m,2023-05-15,wspr_2023-05-15_20m.parquet,N5AQM,30,37,7,85,93,1.0941176470588236,1.0941176470588236,0.012849748094705654,1.1428571428571428,-15.0,85,93
20m,2023-05-15,wspr_2023-05-15_20m.parquet,OH2DX,40,43,3,143,148,1.034965034965035,1.034965034965035,0.011455881168069273,1.6666666666666667,-16.0,2139,3934
20m,2023-05-15,wspr_2023-05-15_20m.parquet,R2BIY,37,43,6,197,162,0.8223350253807107,0.8223350253807107,-0.032601232250934066,-5.833333333333333,-18.0,1523,441
20m,2023-05-15,wspr_2023-05-15_20m.parquet,VA3NKA,27,37,10,89,107,1.202247191011236,1.202247191011236,0.018419246472976637,1.8,-16.0,226,229
20m,2023-05-15,wspr_2023-05-15_20m.parquet,VE3GHM,7,13,6,72,78,1.0833333333333333,1.0833333333333333,0.013340451278922727,1.0,-23.0,805,1109
20m,2023-05-15,wspr_2023-05-15_20m.parquet,WR1M,33,37,4,53,32,0.6037735849056604,0.6037735849056604,-0.12613900268809883,-5.25,-16.0,67,32
20m,2023-05-16,wspr_2023-05-16_20m.parquet,0M7JKI,0,7,7,46,17,0.3695652173913043,0.3695652173913043,-0.1422040074904113,-4.142857142857143,-21.0,85,17
20m,2023-05-16,wspr_2023-05-16_20m.parquet,0M7JKI,7,17,10,17,20,1.1764705882352942,1.1764705882352942,0.016251892949777493,0.3,-20.0,17,20
20m,2023-05-16,wspr_2023-05-16_20m.parquet,0M7JKI,17,27,10,20,15,0.75,0.75,-0.02876820724517809,-0.5,-20.5,20,16
20m,2023-05-16,wspr_2023-05-16_20m.parquet,0M7JKI,27,37,10,15,12,0.8,0.8,-0.022314355131420972,-0.3,-20.0,16,12
20m,2023-05-16,wspr_2023-05-16_20m.parquet,0M7JKI,37,47,10,12,10,0.8333333333333334,0.8333333333333334,-0.01823215567939546,-0.2,-19.5,12,10
20m,2023-05-16,wspr_2023-05-16_20m.parquet,0M7JKI,47,50,3,10,11,1.1,1.1,0.031770059934774976,0.3333333333333333,-18.0,10,11
20m,2023-05-16,wspr_2023-05-16_20m.parquet,AJ1Z,37,40,3,21,142,6.761904761904762,6.761904761904762,0.6371015399592792,40.333333333333336,-21.0,31,764
20m,2023-05-16,wspr_2023-05-16_20m.parquet,DC1UI,37,40,3,72,7,0.09722222222222222,0.09722222222222222,-0.7769186566535806,-21.666666666666668,-15.0,122,10
20m,2023-05-16,wspr_2023-05-16_20m.parquet,DG8GAD,27,30,3,8,54,6.75,6.75,0.6365141682948129,15.333333333333334,-19.5,10,623
20m,2023-05-16,wspr_2023-05-16_20m.parquet,DK3BI,23,33,10,21,58,2.761904761904762,2.761904761904762,0.10159205728229963,3.7,-17.0,199,227
20m,2023-05-16,wspr_2023-05-16_20m.parquet,EA3CNO,40,43,3,159,233,1.4654088050314464,1.4654088050314464,0.127378083781823,24.666666666666668,-14.0,410,606
20m,2023-05-16,wspr_2023-05-16_20m.parquet,IU0PQQ,27,37,10,94,35,0.3723404255319149,0.3723404255319149,-0.09879467207805903,-5.9,-18.0,476,39
20m,2023-05-16,wspr_2023-05-16_20m.parquet,KI7OSK,30,37,7,111,113,1.018018018018018,1.018018018018018,0.0025510882000009246,0.2857142857142857,-14.0,199,226
20m,2023-05-16,wspr_2023-05-16_20m.parquet,N7EAL,37,40,3,51,104,2.0392156862745097,2.0392156862745097,0.23752175547234897,17.666666666666668,-16.0,140,312
20m,2023-05-16,wspr_2023-05-16_20m.parquet,R2BIY,37,43,6,201,32,0.15920398009950248,0.15920398009950248,-0.3062615008765582,-28.166666666666668,-16.0,2577,32
20m,2023-05-16,wspr_2023-05-16_20m.parquet,UA1ZQN,37,40,3,211,178,0.8436018957345972,0.8436018957345972,-0.05669152772799376,-11.0,-15.0,2213,533
20m,2023-05-16,wspr_2023-05-16_20m.parquet,VE1VDM,30,33,3,232,366,1.5775862068965518,1.5775862068965518,0.15196532057835213,44.666666666666664,-20.0,1411,4182
20m,2023-05-16,wspr_2023-05-16_20m.parquet,VE3GHM,7,13,6,63,75,1.1904761904761905,1.1904761904761905,0.02905889785746296,2.0,-23.0,918,1285
20m,2023-05-17,wspr_2023-05-17_20m.parquet,DG8GAD,27,30,3,20,79,3.95,3.95,0.45790519297101023,19.666666666666668,-18.0,37,1000
20m,2023-05-17,wspr_2023-05-17_20m.parquet,F4HWD,20,30,10,37,34,0.918918918918919,0.918918918918919,-0.0084557388028063,-0.3,-15.0,97,34
20m,2023-05-17,wspr_2023-05-17_20m.parquet,G6MZK,27,37,10,11,65,5.909090909090909,5.909090909090909,0.17764919970972665,5.4,-24.0,20,219
20m,2023-05-17,wspr_2023-05-17_20m.parquet,G6XOU,0,3,3,30,52,1.7333333333333334,1.7333333333333334,0.18334877897309065,7.333333333333333,-14.0,130,437
20m,2023-05-17,wspr_2023-05-17_20m.parquet,G8AFN,30,33,3,111,38,0.34234234234234234,0.34234234234234234,-0.3573146805286495,-24.333333333333332,-17.0,860,117
20m,2023-05-17,wspr_2023-05-17_20m.parquet,IW2EPE,27,30,3,64,37,0.578125,0.578125,-0.18265505690514913,-9.0,-14.0,539,114
20m,2023-05-17,wspr_2023-05-17_20m.parquet,K6EAU,40,43,3,54,117,2.1666666666666665,2.1666666666666665,0.2577299627444939,21.0,-20.0,169,1168
20m,2023-05-17,wspr_2023-05-17_20m.parquet,KE5WNY,40,43,3,42,83,1.9761904761904763,1.9761904761904763,0.22705699650440989,13.666666666666666,-16.0,42,83
20m,2023-05-17,wspr_2023-05-17_20m.parquet,M7DIP,33,40,7,101,230,2.277227722772277,2.277227722772277,0.11756554172599083,18.428571428571427,-17.0,216,1407
20m,2023-05-17,wspr_2023-05-17_20m.parquet,N3YHF,30,37,7,40,38,0.95,0.95,-0.007327613483935797,-0.2857142857142857,-13.5,40,38
20m,2023-05-17,wspr_2023-05-17_20m.parquet,N7GEE,30,33,3,17,44,2.588235294117647,2.588235294117647,0.31699209662068173,9.0,-23.0,85,172
20m,2023-05-17,wspr_2023-05-17_20m.parquet,N7GEE,30,37,7,17,30,1.7647058823529411,1.7647058823529411,0.08114057680084848,1.8571428571428572,-23.0,85,71
20m,2023-05-17,wspr_2023-05-17_20m.parquet,N7GEE,33,37,4,44,30,0.6818181818181818,0.6818181818181818,-0.09574806306402646,-3.5,-18.0,172,71
20m,2023-05-17,wspr_2023-05-17_20m.parquet,N8PES,40,43,3,116,136,1.1724137931034482,1.1724137931034482,0.05302156487656243,6.666666666666667,-17.0,157,136
20m,2023-05-17,wspr_2023-05-17_20m.parquet,NU7B,33,40,7,29,27,0.9310344827586207,0.9310344827586207,-0.010208423426020711,-0.2857142857142857,-18.0,87,85
20m,2023-05-17,wspr_2023-05-17_20m.parquet,SV1DAR,30,37,7,37,26,0.7027027027027027,0.7027027027027027,-0.050403053517534616,-1.5714285714285714,-22.0,223,52
20m,2023-05-17,wspr_2023-05-17_20m.parquet,UA1ZQN,37,40,3,171,209,1.2222222222222223,1.2222222222222223,0.06689023182071709,12.666666666666666,-11.0,1390,890
20m,2023-05-17,wspr_2023-05-17_20m.parquet,VE3GHM,7,13,6,65,73,1.123076923076923,1.123076923076923,0.019345361875459006,1.3333333333333333,-22.0,765,1080
20m,2023-05-17,wspr_2023-05-17_20m.parquet,VE7KZ,10,17,7,9,66,7.333333333333333,7.333333333333333,0.28463288067002945,8.142857142857142,-21.0,39,1840
20m,2023-05-17,wspr_2023-05-17_20m.parquet,VK5NTF/Z,13,23,10,6,10,1.6666666666666667,1.6666666666666667,0.05108256237659907,0.4,-26.0,13,17
20m,2023-05-17,wspr_2023-05-17_20m.parquet,WD4IYE,30,37,7,15,31,2.066666666666667,2.066666666666667,0.10370528619756234,2.2857142857142856,-16.0,15,31
20m,2023-05-18,wspr_2023-05-18_20m.parquet,DB1NN,30,33,3,118,62,0.5254237288135594,0.5254237288135594,-0.21451674647352437,-18.666666666666668,-13.0,875,62
20m,2023-05-18,wspr_2023-05-18_20m.parquet,DK3BI,23,33,10,69,130,1.8840579710144927,1.8840579710144927,0.0633427945858323,6.1,-14.0,737,1638
20m,2023-05-18,wspr_2023-05-18_20m.parquet,EB4FJN,27,30,3,194,173,0.8917525773195877,0.8917525773195877,-0.038188854855183044,-7.0,-13.0,1152,512
20m,2023-05-18,wspr_2023-05-18_20m.parquet,EB4FJN,27,33,6,194,127,0.654639175257732,0.654639175257732,-0.07061184543412281,-11.166666666666666,-13.0,1152,186
20m,2023-05-18,wspr_2023-05-18_20m.parquet,EB4FJN,30,33,3,173,127,0.7341040462427746,0.7341040462427746,-0.10303483601306256,-15.333333333333334,-12.0,512,186
20m,2023-05-18,wspr_2023-05-18_20m.parquet,F1GTM,10,20,10,25,88,3.52,3.52,0.12584609896100057,6.3,-17.5,64,944
20m,2023-05-18,wspr_2023-05-18_20m.parquet,F5HGF,30,33,3,23,13,0.5652173913043478,0.5652173913043478,-0.19018161948920434,-3.3333333333333335,-16.0,37,13
20m,2023-05-18,wspr_2023-05-18_20m.parquet,G4GVZ,30,37,7,143,23,0.16083916083916083,0.16083916083916083,-0.26105005919010826,-17.142857142857142,-14.5,1494,23
20m,2023-05-18,wspr_2023-05-18_20m.parquet,IW2EPE,27,30,3,88,20,0.22727272727272727,0.22727272727272727,-0.49386818030807184,-22.666666666666668,-14.0,541,40
20m,2023-05-18,wspr_2023-05-18_20m.parquet,K1FQY/E,0,3,3,16,11,0.6875,0.6875,-0.12489781648047023,-1.6666666666666667,-18.5,22,11
20m,2023-05-18,wspr_2023-05-18_20m.parquet,K1FQY/E,0,10,10,16,18,1.125,1.125,0.011778303565638346,0.2,-18.5,22,27
20m,2023-05-18,wspr_2023-05-18_20m.parquet,K1FQY/E,3,10,7,11,18,1.6363636363636365,1.6363636363636365,0.07035378358539918,1.0,-17.0,11,27
20m,2023-05-18,wspr_2023-05-18_20m.parquet,K1FQY/E,3,13,10,11,20,1.8181818181818181,1.8181818181818181,0.05978370007556204,0.9,-17.0,11,28
20m,2023-05-18,wspr_2023-05-18_20m.parquet,K1FQY/E,10,13,3,18,20,1.1111111111111112,1.1111111111111112,0.03512017188594212,0.6666666666666666,-17.0,27,28
20m,2023-05-18,wspr_2023-05-18_20m.parquet,K1FQY/E,10,17,7,18,29,1.6111111111111112,1.6111111111111112,0.06813201029861563,1.5714285714285714,-17.0,27,48
20m,2023-05-18,wspr_2023-05-18_20m.parquet,K1FQY/E,10,20,10,18,27,1.5,1.5,0.040546510810816436,0.9,-17.0,27,44
20m,2023-05-18,wspr_2023-05-18_20m.parquet,K1FQY/E,13,17,4,20,29,1.45,1.45,0.09289088910812075,2.25,-18.5,28,48
20m,2023-05-18,wspr_2023-05-18_20m.parquet,K1FQY/E,13,20,7,20,27,1.35,1.35,0.04287208463576259,1.0,-18.5,28,44
20m,2023-05-18,wspr_2023-05-18_20m.parquet,K1FQY/E,13,23,10,20,29,1.45,1.45,0.037156355643248304,0.9,-18.5,28,105
20m,2023-05-18,wspr_2023-05-18_20m.parquet,K1FQY/E,17,20,3,29,27,0.9310344827586207,0.9310344827586207,-0.023819654660714992,-0.6666666666666666,-19.0,48,44
20m,2023-05-18,wspr_2023-05-18_20m.parquet,K1FQY/E,17,23,6,29,29,1.0,1.0,0.0,0.0,-19.0,48,105
20m,2023-05-18,wspr_2023-05-18_20m.parquet,K1FQY/E,17,27,10,29,30,1.0344827586206897,1.0344827586206897,0.0033901551675681414,0.1,-19.0,48,98
20m,2023-05-18,wspr_2023-05-18_20m.parquet,K1FQY/E,20,23,3,27,29,1.0740740740740742,1.0740740740740742,0.023819654660715017,0.6666666666666666,-17.0,44,105
20m,2023-05-18,wspr_2023-05-18_20m.parquet,K1FQY/E,20,27,7,27,30,1.1111111111111112,1.1111111111111112,0.015051502236832336,0.42857142857142855,-17.0,44,98
20m,2023-05-18,wspr_2023-05-18_20m.parquet,K1FQY/E,20,30,10,27,33,1.2222222222222223,1.2222222222222223,0.020067069546215125,0.6,-17.0,44,180
20m,2023-05-18,wspr_2023-05-18_20m.parquet,K1FQY/E,23,27,4,29,30,1.0344827586206897,1.0344827586206897,0.008475387918920354,0.25,-19.0,105,98
20m,2023-05-18,wspr_2023-05-18_20m.parquet,K1FQY/E,23,30,7,29,33,1.1379310344827587,1.1379310344827587,0.018458818782858037,0.5714285714285714,-19.0,105,180
20m,2023-05-18,wspr_2023-05-18_20m.parquet,K1FQY/E,23,33,10,29,24,0.8275862068965517,0.8275862068965517,-0.01892419996385284,-0.5,-19.0,105,50
20m,2023-05-18,wspr_2023-05-18_20m.parquet,K1FQY/E,27,30,3,30,33,1.1,1.1,0.031770059934774976,1.0,-20.0,98,180
20m,2023-05-18,wspr_2023-05-18_20m.parquet,K1FQY/E,27,33,6,30,24,0.8,0.8,-0.03719059188570162,-1.0,-20.0,98,50
20m,2023-05-18,wspr_2023-05-18_20m.parquet,K1FQY/E,27,37,10,30,21,0.7,0.7,-0.03566749439387325,-0.9,-20.0,98,28
20m,2023-05-18,wspr_2023-05-18_20m.parquet,K1FQY/E,30,33,3,33,24,0.7272727272727273,0.7272727272727273,-0.10615124370617819,-3.0,-17.5,180,50
20m,2023-05-18,wspr_2023-05-18_20m.parquet,K1FQY/E,30,37,7,33,21,0.6363636363636364,0.6363636363636364,-0.06456930339186533,-1.7142857142857142,-17.5,180,28
20m,2023-05-18,wspr_2023-05-18_20m.parquet,K1FQY/E,30,40,10,33,47,1.4242424242424243,1.4242424242424243,0.03536400402435784,1.4,-17.5,180,319
20m,2023-05-18,wspr_2023-05-18_20m.parquet,K1FQY/E,33,37,4,24,21,0.875,0.875,-0.03338284815613066,-0.75,-19.0,50,28
20m,2023-05-18,wspr_2023-05-18_20m.parquet,K1FQY/E,33,40,7,24,47,1.9583333333333333,1.9583333333333333,0.09601339590887327,3.2857142857142856,-19.0,50,319
20m,2023-05-18,wspr_2023-05-18_20m.parquet,K1FQY/E,37,40,3,21,47,2.238095238095238,2.238095238095238,0.26854172132887855,8.666666666666666,-19.0,28,319
20m,2023-05-18,wspr_2023-05-18_20m.parquet,K5FRT,0,3,3,9,6,0.6666666666666666,0.6666666666666666,-0.1351550360360548,-1.0,-23.5,50,24
20m,2023-05-18,wspr_2023-05-18_20m.parquet,NU7B,30,33,3,12,30,2.5,2.5,0.3054302439580517,6.0,-16.0,13,51
20m,2023-05-18,wspr_2023-05-18_20m.parquet,NU7B,30,40,10,12,35,2.9166666666666665,2.9166666666666665,0.10704414117014134,2.3,-16.0,13,81
20m,2023-05-18,wspr_2023-05-18_20m.parquet,NU7B,33,40,7,30,35,1.1666666666666667,1.1666666666666667,0.022021525689608336,0.7142857142857143,-20.0,51,81
20m,2023-05-18,wspr_2023-05-18_20m.parquet,PA2W,27,37,10,21,99,4.714285714285714,4.714285714285714,0.1550597412411167,7.8,-15.5,40,99
20m,2023-05-18,wspr_2023-05-18_20m.parquet,UA1ZQN,37,40,3,333,87,0.26126126126126126,0.26126126126126126,-0.44741145710862007,-82.0,-14.0,9979,87
20m,2023-05-18,wspr_2023-05-18_20m.parquet,UA1ZQN,37,43,6,333,111,0.3333333333333333,0.3333333333333333,-0.18310204811135164,-37.0,-14.0,9979,111
20m,2023-05-18,wspr_2023-05-18_20m.parquet,UA1ZQN,40,43,3,87,111,1.2758620689655173,1.2758620689655173,0.08120736088591683,8.0,-14.0,87,111
20m,2023-05-19,wspr_2023-05-19_20m.parquet,AB7FB,27,37,10,56,61,1.0892857142857142,1.0892857142857142,0.008552217343816193,0.5,-18.0,175,61
20m,2023-05-19,wspr_2023-05-19_20m.parquet,DK3BI,23,33,10,97,139,1.4329896907216495,1.4329896907216495,0.035976295462730894,4.2,-14.0,1412,1205
20m,2023-05-19,wspr_2023-05-19_20m.parquet,G4GVZ,33,37,4,126,59,0.46825396825396826,0.46825396825396826,-0.18968611576143962,-16.75,-12.0,451,126
20m,2023-05-19,wspr_2023-05-19_20m.parquet,IU7RAL,33,40,7,99,64,0.6464646464646465,0.6464646464646465,-0.062319538110702566,-5.0,-23.0,1255,139
20m,2023-05-19,wspr_2023-05-19_20m.parquet,K1FQY/E,3,10,7,15,14,0.9333333333333333,0.9333333333333333,-0.009856124498135919,-0.14285714285714285,-16.0,19,14
20m,2023-05-19,wspr_2023-05-19_20m.parquet,K1FQY/E,3,13,10,15,30,2.0,2.0,0.06931471805599453,1.5,-16.0,19,147
20m,2023-05-19,wspr_2023-05-19_20m.parquet,K1FQY/E,10,13,3,14,30,2.142857142857143,2.142857142857143,0.25404668401563224,5.333333333333333,-19.0,14,147
20m,2023-05-19,wspr_2023-05-19_20m.parquet,K1FQY/E,10,17,7,14,36,2.5714285714285716,2.5714285714285716,0.1349230869772645,3.142857142857143,-19.0,14,109
20m,2023-05-19,wspr_2023-05-19_20m.parquet,K1FQY/E,10,20,10,14,37,2.642857142857143,2.642857142857143,0.09718605830289659,2.3,-19.0,14,129
20m,2023-05-19,wspr_2023-05-19_20m.parquet,K1FQY/E,13,17,4,30,36,1.2,1.2,0.04558038919848865,1.5,-18.0,147,109
20m,2023-05-19,wspr_2023-05-19_20m.parquet,K1FQY/E,13,20,7,30,37,1.2333333333333334,1.2333333333333334,0.0299600758545813,1.0,-18.0,147,129
20m,2023-05-19,wspr_2023-05-19_20m.parquet,K1FQY/E,17,20,3,36,37,1.0277777777777777,1.0277777777777777,0.009132991396038116,0.3333333333333333,-18.0,109,129
20m,2023-05-19,wspr_2023-05-19_20m.parquet,K6EAU,40,43,3,32,142,4.4375,4.4375,0.49669705160051136,36.666666666666664,-22.0,39,1560
20m,2023-05-19,wspr_2023-05-19_20m.parquet,KC1PHY,37,40,3,72,45,0.625,0.625,-0.15666787641524518,-9.0,-14.0,107,68
20m,2023-05-19,wspr_2023-05-19_20m.parquet,N5ODX,27,37,10,173,62,0.3583815028901734,0.3583815028901734,-0.10261572094526875,-11.1,-18.0,2425,254
20m,2023-05-19,wspr_2023-05-19_20m.parquet,N8NJ,27,30,3,55,272,4.945454545454545,4.945454545454545,0.5328229603545088,72.33333333333333,-15.0,71,2828
20m,2023-05-19,wspr_2023-05-19_20m.parquet,NU7B,37,40,3,24,15,0.625,0.625,-0.15666787641524518,-3.0,-20.0,24,15
20m,2023-05-19,wspr_2023-05-19_20m.parquet,OH8GKP,33,37,4,8,25,3.125,3.125,0.2848585707970912,4.25,-18.0,14,1892
20m,2023-05-19,wspr_2023-05-19_20m.parquet,PA3CJP,37,40,3,108,107,0.9907407407407407,0.9907407407407407,-0.0031007975541045203,-0.3333333333333333,-11.0,319,497
20m,2023-05-19,wspr_2023-05-19_20m.parquet,PA3CJP,37,47,10,108,141,1.3055555555555556,1.3055555555555556,0.026662866325394864,3.3,-11.0,319,370
20m,2023-05-19,wspr_2023-05-19_20m.parquet,PA3CJP,40,47,7,107,141,1.3177570093457944,1.3177570093457944,0.03941872227375174,4.857142857142857,-10.0,497,370
20m,2023-05-19,wspr_2023-05-19_20m.parquet,QK2ZAW,3,10,7,29,27,0.9310344827586207,0.9310344827586207,-0.010208423426020711,-0.2857142857142857,-20.0,29,27
20m,2023-05-19,wspr_2023-05-19_20m.parquet,VE7APF,30,37,7,33,263,7.96969696969697,7.96969696969697,0.29652092438732636,32.857142857142854,-7.0,35,5822
20m,2023-05-19,wspr_2023-05-19_20m.parquet,YO3GND,40,43,3,78,116,1.4871794871794872,1.4871794871794872,0.1322937881389243,12.666666666666666,-11.0,199,116
20m,2023-05-20,wspr_2023-05-20_20m.parquet,AJ1Z,40,43,3,64,85,1.328125,1.328125,0.0945893910435482,7.0,-12.0,64,85
20m,2023-05-20,wspr_2023-05-20_20m.parquet,DG9ME,40,43,3,84,91,1.0833333333333333,1.0833333333333333,0.026680902557845453,2.3333333333333335,-12.0,295,239
20m,2023-05-20,wspr_2023-05-20_20m.parquet,DH0NAE,30,33,3,18,12,0.6666666666666666,0.6666666666666666,-0.1351550360360548,-2.0,-24.0,48,24
20m,2023-05-20,wspr_2023-05-20_20m.parquet,EI7CLB,30,37,7,19,38,2.0,2.0,0.09902102579427789,2.7142857142857144,-18.0,53,77
20m,2023-05-20,wspr_2023-05-20_20m.parquet,F4JJD/P,27,37,10,41,32,0.7804878048780488,0.7804878048780488,-0.024783616390458122,-0.9,-11.5,56,32
20m,2023-05-20,wspr_2023-05-20_20m.parquet,KC0USO,27,30,3,14,57,4.071428571428571,4.071428571428571,0.46799797940643045,14.333333333333334,-23.0,16,65
20m,2023-05-20,wspr_2023-05-20_20m.parquet,M0RBD,30,33,3,98,69,0.7040816326530612,0.7040816326530612,-0.11695365802443751,-9.666666666666666,-17.0,360,69
20m,2023-05-20,wspr_2023-05-20_20m.parquet,N3NQP,37,40,3,75,80,1.0666666666666667,1.0666666666666667,0.02151284037919039,1.6666666666666667,-15.0,132,158
20m,2023-05-20,wspr_2023-05-20_20m.parquet,NK3H,33,37,4,69,127,1.8405797101449275,1.8405797101449275,0.15252014546533296,14.5,-13.0,97,524
20m,2023-05-20,wspr_2023-05-20_20m.parquet,NU7B,33,40,7,49,52,1.0612244897959184,1.0612244897959184,0.008489060067257258,0.42857142857142855,-20.0,65,84
20m,2023-05-20,wspr_2023-05-20_20m.parquet,PA3GHJ,30,37,7,13,134,10.307692307692308,10.307692307692308,0.3332700632127678,17.285714285714285,-19.0,13,370
20m,2023-05-20,wspr_2023-05-20_20m.parquet,VE3RRN,20,30,10,18,25,1.3888888888888888,1.3888888888888888,0.032850406697203606,0.7,-24.0,24,40
20m,2023-05-20,wspr_2023-05-20_20m.parquet,VE7WEX,33,37,4,28,24,0.8571428571428571,0.8571428571428571,-0.03853766995681459,-1.0,-10.5,28,24
20m,2023-05-20,wspr_2023-05-20_20m.parquet,W8OQ,30,37,7,87,91,1.0459770114942528,1.0459770114942528,0.00642162683746661,0.5714285714285714,-17.0,123,91
20m,2023-05-21,wspr_2023-05-21_20m.parquet,AG6NO,33,37,4,85,200,2.3529411764705883,2.3529411764705883,0.21391652751443008,28.75,-14.0,144,3081
20m,2023-05-21,wspr_2023-05-21_20m.parquet,DM8TE,30,37,7,11,15,1.3636363636363635,1.3636363636363635,0.044307846900548495,0.5714285714285714,-16.0,18,30
20m,2023-05-21,wspr_2023-05-21_20m.parquet,F4ZZZ,30,37,7,24,14,0.5833333333333334,0.5833333333333334,-0.07699950010466956,-1.4285714285714286,-3.0,24,14
20m,2023-05-21,wspr_2023-05-21_20m.parquet,HA7CS,37,47,10,29,69,2.3793103448275863,2.3793103448275863,0.08668106746107854,4.0,-8.0,32,69
20m,2023-05-21,wspr_2023-05-21_20m.parquet,IW1GFN,30,33,3,38,34,0.8947368421052632,0.8947368421052632,-0.03707521170340813,-1.3333333333333333,-17.0,56,52
20m,2023-05-21,wspr_2023-05-21_20m.parquet,K4IQJ,23,30,7,149,14,0.09395973154362416,0.09395973154362416,-0.33784128233288574,-19.285714285714285,-17.0,728,14
20m,2023-05-21,wspr_2023-05-21_20m.parquet,KE5ES,30,37,7,84,28,0.3333333333333333,0.3333333333333333,-0.15694461266687282,-8.0,-12.0,149,28
20m,2023-05-21,wspr_2023-05-21_20m.parquet,KF7YWH,37,43,6,45,105,2.3333333333333335,2.3333333333333335,0.14121631006453395,10.0,-14.0,45,179
20m,2023-05-21,wspr_2023-05-21_20m.parquet,KG6NLW,30,37,7,27,27,1.0,1.0,0.0,0.0,-22.0,45,52
20m,2023-05-21,wspr_2023-05-21_20m.parquet,KJ7JNK,33,43,10,80,45,0.5625,0.5625,-0.05753641449035618,-3.5,-16.5,160,45
20m,2023-05-21,wspr_2023-05-21_20m.parquet,KR1KZZ,30,37,7,20,44,2.2,2.2,0.11263676576632432,3.4285714285714284,-19.5,20,44
20m,2023-05-21,wspr_2023-05-21_20m.parquet,M7DIP,33,40,7,73,105,1.4383561643835616,1.4383561643835616,0.05192870128701889,4.571428571428571,-16.0,119,292
20m,2023-05-21,wspr_2023-05-21_20m.parquet,N3AGE,23,30,7,24,55,2.2916666666666665,2.2916666666666665,0.11846847926921789,4.428571428571429,-17.0,2410,165
20m,2023-05-21,wspr_2023-05-21_20m.parquet,N8PES,40,43,3,80,73,0.9125,0.9125,-0.030522397841830168,-2.3333333333333335,-18.5,80,73
20m,2023-05-21,wspr_2023-05-21_20m.parquet,NK3H,33,37,4,188,60,0.3191489361702128,0.3191489361702128,-0.2855243501519621,-32.0,-9.0,1884,60
20m,2023-05-21,wspr_2023-05-21_20m.parquet,QK2ZOL,13,17,4,16,16,1.0,1.0,0.0,0.0,-21.0,16,21
20m,2023-05-21,wspr_2023-05-21_20m.parquet,SM6VNO,33,37,4,26,31,1.1923076923076923,1.1923076923076923,0.04397266661591605,1.25,-18.0,26,31
20m,2023-05-21,wspr_2023-05-21_20m.parquet,VE7BEH,30,37,7,18,46,2.5555555555555554,2.5555555555555554,0.13403851979899004,4.0,-15.5,18,103
20m,2023-05-21,wspr_2023-05-21_20m.parquet,VE7BEH,37,43,6,46,38,0.8260869565217391,0.8260869565217391,-0.031842539460451534,-1.3333333333333333,-20.0,103,76
20m,2023-06-15,wspr_2023-06-15_20m.parquet,AH6CY,23,30,7,61,10,0.16393442622950818,0.16393442622950818,-0.25832696731132365,-7.285714285714286,-21.0,283,19
20m,2023-06-15,wspr_2023-06-15_20m.parquet,F1DZP,23,27,4,36,131,3.638888888888889,3.638888888888889,0.32291959618626037,23.75,-20.5,54,939
20m,2023-06-15,wspr_2023-06-15_20m.parquet,KD8TFR,33,40,7,119,173,1.453781512605042,1.453781512605042,0.05345258591232136,7.714285714285714,-16.5,184,366
20m,2023-06-15,wspr_2023-06-15_20m.parquet,KD8TFR,33,43,10,119,163,1.3697478991596639,1.3697478991596639,0.0314626707695233,4.4,-16.5,184,164
20m,2023-06-15,wspr_2023-06-15_20m.parquet,KD8TFR,40,43,3,173,163,0.9421965317919075,0.9421965317919075,-0.01984713123033886,-3.3333333333333335,-15.0,366,164
20m,2023-06-15,wspr_2023-06-15_20m.parquet,ON7AN,27,33,6,134,45,0.3358208955223881,0.3358208955223881,-0.1818628850300986,-14.833333333333334,-19.0,1232,79
20m,2023-06-15,wspr_2023-06-15_20m.parquet,R2BIY,30,37,7,36,107,2.9722222222222223,2.9722222222222223,0.15561569942939948,10.142857142857142,-21.0,43,301
20m,2023-06-15,wspr_2023-06-15_20m.parquet,R2BIY,37,43,6,107,33,0.308411214953271,0.308411214953271,-0.19605354549923767,-12.333333333333334,-21.0,301,43
20m,2023-06-15,wspr_2023-06-15_20m.parquet,VE7CCY,33,43,10,73,33,0.4520547945205479,0.4520547945205479,-0.07939518796819109,-4.0,-21.0,200,52
20m,2023-06-15,wspr_2023-06-15_20m.parquet,W7WKR,30,33,3,21,16,0.7619047619047619,0.7619047619047619,-0.0906445718278806,-1.6666666666666667,-16.0,797,622
20m,2023-06-15,wspr_2023-06-15_20m.parquet,YO3HOT/1,0,3,3,28,38,1.3571428571428572,1.3571428571428572,0.1017938831837273,3.3333333333333335,-25.0,113,82
20m,2023-06-15,wspr_2023-06-15_20m.parquet,YO3HOT/1,0,10,10,28,32,1.1428571428571428,1.1428571428571428,0.013353139262452258,0.4,-25.0,113,44
20m,2023-06-15,wspr_2023-06-15_20m.parquet,YO3HOT/1,3,10,7,38,32,0.8421052631578947,0.8421052631578947,-0.02455003670380847,-0.8571428571428571,-18.0,82,44
20m,2023-06-15,wspr_2023-06-15_20m.parquet,YO3HOT/1,3,13,10,38,32,0.8421052631578947,0.8421052631578947,-0.017185025692665928,-0.6,-18.0,82,50
20m,2023-06-15,wspr_2023-06-15_20m.parquet,YO3HOT/1,10,13,3,32,32,1.0,1.0,0.0,0.0,-18.5,44,50
20m,2023-06-15,wspr_2023-06-15_20m.parquet,YO3HOT/1,10,17,7,32,31,0.96875,0.96875,-0.004535528330654328,-0.14285714285714285,-18.5,44,44
20m,2023-06-15,wspr_2023-06-15_20m.parquet,YO3HOT/1,10,20,10,32,24,0.75,0.75,-0.02876820724517809,-0.8,-18.5,44,27
20m,2023-06-15,wspr_2023-06-15_20m.parquet,YO3HOT/1,13,17,4,32,31,0.96875,0.96875,-0.007937174578645075,-0.25,-17.0,50,44
20m,2023-06-15,wspr_2023-06-15_20m.parquet,YO3HOT/1,13,20,7,32,24,0.75,0.75,-0.04109743892168299,-1.1428571428571428,-17.0,50,27
20m,2023-06-15,wspr_2023-06-15_20m.parquet,YO3HOT/1,13,23,10,32,39,1.21875,1.21875,0.019782574332991985,0.7,-17.0,50,120
20m,2023-06-15,wspr_2023-06-15_20m.parquet,YO3HOT/1,17,20,3,31,24,0.7741935483870968,0.7741935483870968,-0.08531112471240021,-2.3333333333333335,-19.0,44,27
20m,2023-06-15,wspr_2023-06-15_20m.parquet,YO3HOT/1,17,23,6,31,39,1.2580645161290323,1.2580645161290323,0.038262406940750025,1.3333333333333333,-19.0,44,120
20m,2023-06-15,wspr_2023-06-15_20m.parquet,YO3HOT/1,17,27,10,31,17,0.5483870967741935,0.5483870967741935,-0.06007738604289302,-1.4,-19.0,44,17
20m,2023-06-15,wspr_2023-06-15_20m.parquet,YO3HOT/1,20,23,3,24,39,1.625,1.625,0.16183593859390027,5.0,-21.0,27,120
20m,2023-06-15,wspr_2023-06-15_20m.parquet,YO3HOT/1,20,27,7,24,17,0.7083333333333334,0.7083333333333334,-0.04926292661310421,-1.0,-21.0,27,17
20m,2023-06-15,wspr_2023-06-15_20m.parquet,YO3HOT/1,20,30,10,24,31,1.2916666666666667,1.2916666666666667,0.02559333741372007,0.7,-21.0,27,31
20m,2023-06-15,wspr_2023-06-15_20m.parquet,YO3HOT/1,23,27,4,39,17,0.4358974358974359,0.4358974358974359,-0.2075870755183576,-5.5,-21.0,120,17
20m,2023-06-15,wspr_2023-06-15_20m.parquet,YO3HOT/1,23,30,7,39,31,0.7948717948717948,0.7948717948717948,-0.03279634880635718,-1.1428571428571428,-21.0,120,31
20m,2023-06-15,wspr_2023-06-15_20m.parquet,YO3HOT/1,23,33,10,39,42,1.0769230769230769,1.0769230769230769,0.007410797215372184,0.3,-21.0,120,71
20m,2023-06-15,wspr_2023-06-15_20m.parquet,YO3HOT/1,27,30,3,17,31,1.8235294117647058,1.8235294117647058,0.20025795347631004,4.666666666666667,-20.0,17,31
20m,2023-06-15,wspr_2023-06-15_20m.parquet,YO3HOT/1,27,33,6,17,42,2.4705882352941178,2.4705882352941178,0.15074271237119205,4.166666666666667,-20.0,17,71
20m,2023-06-15,wspr_2023-06-15_20m.parquet,YO3HOT/1,27,37,10,17,42,2.4705882352941178,2.4705882352941178,0.09044562742271522,2.5,-20.0,17,77
20m,2023-06-15,wspr_2023-06-15_20m.parquet,YO3HOT/1,30,33,3,31,42,1.3548387096774193,1.3548387096774193,0.101227471266074,3.6666666666666665,-21.0,31,71
20m,2023-06-15,wspr_2023-06-15_20m.parquet,YO3HOT/1,30,37,7,31,42,1.3548387096774193,1.3548387096774193,0.04338320197117457,1.5714285714285714,-21.0,31,77
20m,2023-06-15,wspr_2023-06-15_20m.parquet,YO3HOT/1,30,40,10,31,35,1.1290322580645162,1.1290322580645162,0.012136085700426753,0.4,-21.0,31,64
20m,2023-06-15,wspr_2023-06-15_20m.parquet,YO3HOT/1,33,37,4,42,42,1.0,1.0,0.0,0.0,-19.0,71,77
20m,2023-06-15,wspr_2023-06-15_20m.parquet,YO3HOT/1,33,40,7,42,35,0.8333333333333334,0.8333333333333334,-0.026045936684850658,-1.0,-19.0,71,64
20m,2023-06-15,wspr_2023-06-15_20m.parquet,YO3HOT/1,33,43,10,42,22,0.5238095238095238,0.5238095238095238,-0.06466271649250524,-2.0,-19.0,71,30
20m,2023-06-15,wspr_2023-06-15_20m.parquet,YO3HOT/1,37,40,3,42,35,0.8333333333333334,0.8333333333333334,-0.06077385226465153,-2.3333333333333335,-19.0,77,64
20m,2023-06-15,wspr_2023-06-15_20m.parquet,YO3HOT/1,37,43,6,42,22,0.5238095238095238,0.5238095238095238,-0.10777119415417541,-3.3333333333333335,-19.0,77,30
20m,2023-06-15,wspr_2023-06-15_20m.parquet,YO3HOT/1,37,47,10,42,22,0.5238095238095238,0.5238095238095238,-0.06466271649250524,-2.0,-19.0,77,22
20m,2023-06-15,wspr_2023-06-15_20m.parquet,YO3HOT/1,40,43,3,35,22,0.6285714285714286,0.6285714285714286,-0.15476853604369928,-4.333333333333333,-17.0,64,30
20m,2023-06-15,wspr_2023-06-15_20m.parquet,YO3HOT/1,40,47,7,35,22,0.6285714285714286,0.6285714285714286,-0.06632937259015684,-1.8571428571428572,-17.0,64,22
20m,2023-06-15,wspr_2023-06-15_20m.parquet,YO3HOT/1,43,47,4,22,22,1.0,1.0,0.0,0.0,-17.5,30,22
20m,2023-06-15,wspr_2023-06-15_20m.parquet,YO3HOT/1,43,53,10,22,11,0.5,0.5,-0.06931471805599453,-1.1,-17.5,30,11
20m,2023-06-15,wspr_2023-06-15_20m.parquet,YO3HOT/1,47,53,6,22,11,0.5,0.5,-0.11552453009332421,-1.8333333333333333,-17.0,22,11
20m,2023-06-19,wspr_2023-06-19_20m.parquet,2E0OUE,40,47,7,29,63,2.1724137931034484,2.1724137931034484,0.11083412805786554,4.857142857142857,-18.0,68,100
20m,2023-06-19,wspr_2023-06-19_20m.parquet,AC6RB/A,0,3,3,6,4,0.6666666666666666,0.6666666666666666,-0.1351550360360548,-0.6666666666666666,-24.0,13,10
20m,2023-06-19,wspr_2023-06-19_20m.parquet,DF4IAF,20,27,7,59,59,1.0,1.0,0.0,0.0,-14.0,137,146
20m,2023-06-19,wspr_2023-06-19_20m.parquet,IN3JIF,33,40,7,57,43,0.7543859649122807,0.7543859649122807,-0.04026445030585539,-2.0,-20.0,98,43
20m,2023-06-19,wspr_2023-06-19_20m.parquet,K1FQY,0,7,7,14,15,1.0714285714285714,1.0714285714285714,0.009856124498135917,0.14285714285714285,-22.0,28,24
20m,2023-06-19,wspr_2023-06-19_20m.parquet,K1FQY,7,13,6,15,16,1.0666666666666667,1.0666666666666667,0.010756420189595195,0.16666666666666666,-22.0,24,34
20m,2023-06-19,wspr_2023-06-19_20m.parquet,K5XL,33,37,4,407,268,0.6584766584766585,0.6584766584766585,-0.10445655123293457,-34.75,-13.0,10987,2921
20m,2023-06-19,wspr_2023-06-19_20m.parquet,KG7LXJ,37,40,3,123,3,0.024390243902439025,0.024390243902439025,-1.2378573555681027,-40.0,-13.0,174,19
20m,2023-06-19,wspr_2023-06-19_20m.parquet,KO4WYX,37,40,3,64,148,2.3125,2.3125,0.27944306346814773,28.0,-17.5,64,224
20m,2023-06-19,wspr_2023-06-19_20m.parquet,KO4WYX,37,43,6,64,116,1.8125,1.8125,0.09911785129111546,8.666666666666666,-17.5,64,325
20m,2023-06-19,wspr_2023-06-19_20m.parquet,KO4WYX,40,43,3,148,116,0.7837837837837838,0.7837837837837838,-0.0812073608859168,-10.666666666666666,-13.0,224,325
20m,2023-06-19,wspr_2023-06-19_20m.parquet,KO6AEE,30,37,7,70,58,0.8285714285714286,0.8285714285714286,-0.026864604500419942,-1.7142857142857142,-17.0,70,100
20m,2023-06-19,wspr_2023-06-19_20m.parquet,M6KNG,33,37,4,71,69,0.971830985915493,0.971830985915493,-0.007143343111014,-0.5,-16.0,71,179
20m,2023-06-19,wspr_2023-06-19_20m.parquet,MR0JBA,10,13,3,9,16,1.7777777777777777,1.7777777777777777,0.19178804830118726,2.3333333333333335,-21.0,88,100
20m,2023-06-19,wspr_2023-06-19_20m.parquet,N0RVS,30,37,7,25,23,0.92,0.92,-0.01191165841986443,-0.2857142857142857,-19.0,34,23
20m,2023-06-19,wspr_2023-06-19_20m.parquet,R2BIY,30,37,7,63,91,1.4444444444444444,1.4444444444444444,0.052532111446473906,4.0,-22.0,191,182
20m,2023-06-19,wspr_2023-06-19_20m.parquet,R2BIY,30,40,10,63,90,1.4285714285714286,1.4285714285714286,0.03566749439387324,2.7,-22.0,191,171
20m,2023-06-19,wspr_2023-06-19_20m.parquet,R2BIY,37,40,3,91,90,0.989010989010989,0.989010989010989,-0.003683278728861645,-0.3333333333333333,-21.0,182,171
20m,2023-06-19,wspr_2023-06-19_20m.parquet,R2BIY,37,43,6,91,112,1.2307692307692308,1.2307692307692308,0.03460656079637409,3.5,-21.0,182,408
20m,2023-06-19,wspr_2023-06-19_20m.parquet,R2BIY,40,43,3,90,112,1.2444444444444445,1.2444444444444445,0.07289640032160984,7.333333333333333,-19.0,171,408
20m,2023-06-19,wspr_2023-06-19_20m.parquet,WA1DZH,7,13,6,4,9,2.25,2.25,0.1351550360360548,0.8333333333333334,-22.0,17,27
20m,2023-06-19,wspr_2023-06-19_20m.parquet,WA9ZPM,30,33,3,105,108,1.0285714285714285,1.0285714285714285,0.009390292322232074,1.0,-17.0,325,108
20m,2023-06-19,wspr_2023-06-19_20m.parquet,WW4ET,30,37,7,105,173,1.6476190476190475,1.6476190476190475,0.0713330349057508,9.714285714285714,-18.0,183,375
20m,2023-06-20,wspr_2023-06-20_20m.parquet,0W0HWJ,20,30,10,12,14,1.1666666666666667,1.1666666666666667,0.015415067982725836,0.2,-20.0,16,14
20m,2023-06-20,wspr_2023-06-20_20m.parquet,2E0HYX,30,33,3,64,150,2.34375,2.34375,0.2839174035788613,28.666666666666668,-20.0,255,953
20m,2023-06-20,wspr_2023-06-20_20m.parquet,AC6RB/A,0,3,3,4,3,0.75,0.75,-0.09589402415059363,-0.3333333333333333,-23.5,10,13
20m,2023-06-20,wspr_2023-06-20_20m.parquet,G8LDJ,30,37,7,136,179,1.3161764705882353,1.3161764705882353,0.039247274300671854,6.142857142857143,-12.0,1244,1863
20m,2023-06-20,wspr_2023-06-20_20m.parquet,K1FQY,7,13,6,17,25,1.4705882352941178,1.4705882352941178,0.06427708013533079,1.3333333333333333,-21.0,33,64
20m,2023-06-20,wspr_2023-06-20_20m.parquet,K5XL,33,37,4,290,376,1.296551724137931,1.296551724137931,0.06492705510234369,21.5,-14.0,5393,8793
20m,2023-06-20,wspr_2023-06-20_20m.parquet,KN6KTX,40,50,10,51,54,1.0588235294117647,1.0588235294117647,0.005715841383994862,0.3,-19.0,51,87
20m,2023-06-20,wspr_2023-06-20_20m.parquet,N5AQM,27,37,10,74,94,1.2702702702702702,1.2702702702702702,0.023922968906583405,2.0,-17.0,141,202
20m,2023-06-20,wspr_2023-06-20_20m.parquet,R2BIY,30,37,7,44,74,1.6818181818181819,1.6818181818181819,0.0742679227551298,4.285714285714286,-24.0,64,138
20m,2023-06-20,wspr_2023-06-20_20m.parquet,R2BIY,30,40,10,44,95,2.159090909090909,2.159090909090909,0.07696872576822797,5.1,-24.0,64,198
20m,2023-06-20,wspr_2023-06-20_20m.parquet,R2BIY,37,40,3,74,95,1.2837837837837838,1.2837837837837838,0.08327059946545702,7.0,-19.5,138,198
20m,2023-06-20,wspr_2023-06-20_20m.parquet,R2BIY,37,43,6,74,86,1.162162162162162,1.162162162162162,0.025047033841556317,2.0,-19.5,138,127
20m,2023-06-20,wspr_2023-06-20_20m.parquet,R2BIY,40,43,3,95,86,0.9052631578947369,0.9052631578947369,-0.03317653178234435,-3.0,-19.0,198,127
20m,2023-06-20,wspr_2023-06-20_20m.parquet,UA1ZQN,33,37,4,37,152,4.108108108108108,4.108108108108108,0.35324065205051297,28.75,-14.0,110,1352
20m,2023-06-21,wspr_2023-06-21_20m.parquet,0Q0EHK,17,20,3,21,19,0.9047619047619048,0.9047619047619048,-0.03336115285232751,-0.6666666666666666,-21.0,21,19
20m,2023-06-21,wspr_2023-06-21_20m.parquet,0Q0NTX,47,57,10,40,33,0.825,0.825,-0.019237189264745613,-0.7,-21.0,98,74
20m,2023-06-21,wspr_2023-06-21_20m.parquet,AF5GM,37,43,6,171,135,0.7894736842105263,0.7894736842105263,-0.03939812967737173,-6.0,-13.0,450,344
20m,2023-06-21,wspr_2023-06-21_20m.parquet,AJ1Z,37,43,6,154,282,1.8311688311688312,1.8311688311688312,0.10082574475408074,21.333333333333332,-17.0,1009,3000
20m,2023-06-21,wspr_2023-06-21_20m.parquet,DB1NN,30,33,3,88,197,2.2386363636363638,2.2386363636363638,0.2686223047532607,36.333333333333336,-17.0,204,1596
20m,2023-06-21,wspr_2023-06-21_20m.parquet,DF4EU,20,23,3,204,198,0.9705882352941176,0.9705882352941176,-0.009950987716560387,-2.0,-17.0,4375,2223
20m,2023-06-21,wspr_2023-06-21_20m.parquet,DM8TE,37,43,6,39,92,2.358974358974359,2.358974358974359,0.143037821819899,8.833333333333334,-8.0,39,152
20m,2023-06-21,wspr_2023-06-21_20m.parquet,EU2OO,40,43,3,97,89,0.9175257731958762,0.9175257731958762,-0.02869153625708101,-2.6666666666666665,-12.0,153,193
20m,2023-06-21,wspr_2023-06-21_20m.parquet,KD9VLZ,30,37,7,161,171,1.062111801242236,1.062111801242236,0.008608455931170964,1.4285714285714286,-18.0,1088,617
20m,2023-06-21,wspr_2023-06-21_20m.parquet,N5AQM,27,37,10,87,172,1.9770114942528736,1.9770114942528736,0.06815863581588694,8.5,-18.0,132,541
20m,2023-06-21,wspr_2023-06-21_20m.parquet,ON3GMB,20,27,7,64,91,1.421875,1.421875,0.05028234616531117,3.857142857142857,-11.0,192,287
20m,2023-06-21,wspr_2023-06-21_20m.parquet,R2BIY,30,37,7,38,119,3.1315789473684212,3.1315789473684212,0.1630767619121634,11.571428571428571,-21.0,64,303
20m,2023-06-21,wspr_2023-06-21_20m.parquet,R2BIY,30,40,10,38,115,3.026315789473684,3.026315789473684,0.11073459686368643,7.7,-21.0,64,251
20m,2023-06-21,wspr_2023-06-21_20m.parquet,R2BIY,37,40,3,119,115,0.9663865546218487,0.9663865546218487,-0.011397121582759769,-1.3333333333333333,-20.0,303,251
20m,2023-06-21,wspr_2023-06-21_20m.parquet,R2BIY,37,43,6,119,106,0.8907563025210085,0.8907563025210085,-0.019280733166577028,-2.1666666666666665,-20.0,303,172
20m,2023-06-21,wspr_2023-06-21_20m.parquet,R2BIY,40,43,3,115,106,0.9217391304347826,0.9217391304347826,-0.027164344750394306,-3.0,-18.0,251,172
20m,2023-06-21,wspr_2023-06-21_20m.parquet,W5CPU,37,47,10,56,105,1.875,1.875,0.06286086594223741,4.9,-8.0,89,105
20m,2023-06-22,wspr_2023-06-22_20m.parquet,AJ1Z,40,43,3,142,21,0.14788732394366197,0.14788732394366197,-0.6371015399592793,-40.333333333333336,-17.0,716,23
20m,2023-06-22,wspr_2023-06-22_20m.parquet,DK8JP,23,30,7,50,81,1.62,1.62,0.06891802132061325,4.428571428571429,-17.0,141,344
20m,2023-06-22,wspr_2023-06-22_20m.parquet,G1VWC,27,30,3,23,93,4.043478260869565,4.043478260869565,0.4657017590747021,23.333333333333332,-17.0,83,428
20m,2023-06-22,wspr_2023-06-22_20m.parquet,G8LDJ,30,37,7,205,259,1.2634146341463415,1.2634146341463415,0.03340258322301851,7.714285714285714,-12.0,3557,5621
20m,2023-06-22,wspr_2023-06-22_20m.parquet,KC6WPK,37,43,6,46,76,1.6521739130434783,1.6521739130434783,0.08368199063287268,5.0,-11.0,78,76
20m,2023-06-22,wspr_2023-06-22_20m.parquet,KI4NVX,33,37,4,41,23,0.5609756097560976,0.5609756097560976,-0.1445194626937895,-4.5,-19.0,41,23
20m,2023-06-22,wspr_2023-06-22_20m.parquet,R2BIY,30,37,7,71,127,1.7887323943661972,1.7887323943661972,0.08307245848818226,8.0,-21.0,232,463
20m,2023-06-22,wspr_2023-06-22_20m.parquet,R2BIY,30,40,10,71,124,1.7464788732394365,1.7464788732394365,0.05576016885637214,5.3,-21.0,232,253
20m,2023-06-22,wspr_2023-06-22_20m.parquet,R2BIY,37,40,3,127,124,0.9763779527559056,0.9763779527559056,-0.007968506951184789,-1.0,-19.0,463,253
20m,2023-06-22,wspr_2023-06-22_20m.parquet,UA1ZQN,30,37,7,208,48,0.23076923076923078,0.23076923076923078,-0.2094767241133467,-22.857142857142858,-19.0,4439,48
20m,2023-06-22,wspr_2023-06-22_20m.parquet,VE0FQ,30,37,7,182,120,0.6593406593406593,0.6593406593406593,-0.059502134899249916,-8.857142857142858,-8.0,182,120
20m,2023-06-23,wspr_2023-06-23_20m.parquet,2E0HYX,23,30,7,37,75,2.027027027027027,2.027027027027027,0.10093860012744087,5.428571428571429,-19.0,200,99
20m,2023-06-23,wspr_2023-06-23_20m.parquet,2E0HYX,23,33,10,37,113,3.054054054054054,3.054054054054054,0.1116469906068116,7.6,-19.0,200,290
20m,2023-06-23,wspr_2023-06-23_20m.parquet,2E0HYX,30,33,3,75,113,1.5066666666666666,1.5066666666666666,0.1366332350586767,12.666666666666666,-13.0,99,290
20m,2023-06-23,wspr_2023-06-23_20m.parquet,AE0NB,37,43,6,70,55,0.7857142857142857,0.7857142857142857,-0.040193676136148014,-2.5,-12.0,115,55
20m,2023-06-23,wspr_2023-06-23_20m.parquet,AJ1Z,33,43,10,13,170,13.076923076923077,13.076923076923077,0.2570849079588725,15.7,-12.0,13,212
20m,2023-06-23,wspr_2023-06-23_20m.parquet,DG8GAD,27,30,3,44,183,4.159090909090909,4.159090909090909,0.4750988396410533,46.333333333333336,-20.0,66,2017
20m,2023-06-23,wspr_2023-06-23_20m.parquet,DK3BI,23,33,10,30,147,4.9,4.9,0.1589235205116581,11.7,-17.0,120,1895
20m,2023-06-23,wspr_2023-06-23_20m.parquet,G6LRE,37,40,3,40,153,3.825,3.825,0.44718615575949977,37.666666666666664,-10.0,40,1588
20m,2023-06-23,wspr_2023-06-23_20m.parquet,G8LDJ,30,37,7,228,305,1.337719298245614,1.337719298245614,0.041566592521852984,11.0,-12.0,3515,7011
20m,2023-06-23,wspr_2023-06-23_20m.parquet,IU4QSM,37,40,3,91,56,0.6153846153846154,0.6153846153846154,-0.16183593859390025,-11.666666666666666,-12.0,175,56
20m,2023-06-23,wspr_2023-06-23_20m.parquet,K3JYD,23,30,7,98,76,0.7755102040816326,0.7755102040816326,-0.03631916262632012,-3.142857142857143,-16.0,1727,343
20m,2023-06-23,wspr_2023-06-23_20m.parquet,K3JYD,30,37,7,76,57,0.75,0.75,-0.04109743892168299,-2.7142857142857144,-11.0,343,89
20m,2023-06-23,wspr_2023-06-23_20m.parquet,K6WLD,40,50,10,149,146,0.9798657718120806,0.9798657718120806,-0.0020339684237122672,-0.3,-14.0,904,256
20m,2023-06-23,wspr_2023-06-23_20m.parquet,KD0QHZ,37,40,3,159,136,0.8553459119496856,0.8553459119496856,-0.052083105494726493,-7.666666666666667,-11.0,769,318
20m,2023-06-23,wspr_2023-06-23_20m.parquet,MM7BWK,27,37,10,250,117,0.468,0.468,-0.07592869830644902,-13.3,-17.0,6161,946
20m,2023-06-23,wspr_2023-06-23_20m.parquet,N8MIQ,30,37,7,119,160,1.3445378151260505,1.3445378151260505,0.04229290316032823,5.857142857142857,-18.0,582,661
20m,2023-06-23,wspr_2023-06-23_20m.parquet,R2BIY,30,37,7,80,122,1.525,1.525,0.06028491572276784,6.0,-21.0,248,451
20m,2023-06-23,wspr_2023-06-23_20m.parquet,R2BIY,30,40,10,80,57,0.7125,0.7125,-0.033897536683933145,-2.3,-21.0,248,116
20m,2023-06-23,wspr_2023-06-23_20m.parquet,R2BIY,37,40,3,122,57,0.4672131147540984,0.4672131147540984,-0.2536565922995688,-21.666666666666668,-19.0,451,116
20m,2023-06-23,wspr_2023-06-23_20m.parquet,R2BIY,37,43,6,122,123,1.0081967213114753,1.0081967213114753,0.0013605517731934726,0.16666666666666666,-19.0,451,343
20m,2023-06-23,wspr_2023-06-23_20m.parquet,R2BIY,40,43,3,57,123,2.1578947368421053,2.1578947368421053,0.25637769584595577,22.0,-22.0,116,343
20m,2023-06-23,wspr_2023-06-23_20m.parquet,VA2ONE,43,47,4,164,52,0.3170731707317073,0.3170731707317073,-0.28715567731069275,-28.0,-12.0,225,52
20m,2023-06-24,wspr_2023-06-24_20m.parquet,AJ1Z,40,43,3,218,112,0.5137614678899083,0.5137614678899083,-0.22199873049799812,-35.333333333333336,-11.0,388,174
20m,2023-06-24,wspr_2023-06-24_20m.parquet,EC2AQW,23,27,4,43,35,0.813953488372093,0.813953488372093,-0.05146301355103718,-2.0,-18.0,43,35
20m,2023-06-24,wspr_2023-06-24_20m.parquet,G4MUV,33,37,4,43,35,0.813953488372093,0.813953488372093,-0.05146301355103718,-2.0,-14.0,108,95
20m,2023-06-24,wspr_2023-06-24_20m.parquet,GW5PH,27,37,10,83,104,1.2530120481927711,1.2530120481927711,0.02255502913447748,2.1,-12.0,83,176
20m,2023-06-24,wspr_2023-06-24_20m.parquet,K5WH/B,0,3,3,23,16,0.6956521739130435,0.6956521739130435,-0.12096849789645615,-2.3333333333333335,-22.0,94,34
20m,2023-06-24,wspr_2023-06-24_20m.parquet,K5WH/B,0,7,7,23,16,0.6956521739130435,0.6956521739130435,-0.05184364195562407,-1.0,-22.0,94,25
20m,2023-06-24,wspr_2023-06-24_20m.parquet,K5WH/B,3,7,4,16,16,1.0,1.0,0.0,0.0,-22.0,34,25
20m,2023-06-24,wspr_2023-06-24_20m.parquet,K5WH/B,23,30,7,9,10,1.1111111111111112,1.1111111111111112,0.015051502236832336,0.14285714285714285,-20.0,23,12
20m,2023-06-24,wspr_2023-06-24_20m.parquet,K5WH/B,23,33,10,9,18,2.0,2.0,0.06931471805599453,0.9,-20.0,23,23
20m,2023-06-24,wspr_2023-06-24_20m.parquet,K5WH/B,30,33,3,10,18,1.8,1.8,0.19592888830070634,2.6666666666666665,-21.5,12,23
20m,2023-06-24,wspr_2023-06-24_20m.parquet,K5WH/B,30,40,10,10,13,1.3,1.3,0.026236426446749107,0.3,-21.5,12,13
20m,2023-06-24,wspr_2023-06-24_20m.parquet,K5WH/B,33,40,7,18,13,0.7222222222222222,0.7222222222222222,-0.046488914347804,-0.7142857142857143,-24.0,23,13
20m,2023-06-24,wspr_2023-06-24_20m.parquet,K5WH/B,33,43,10,18,26,1.4444444444444444,1.4444444444444444,0.03677247801253174,0.8,-24.0,23,74
20m,2023-06-24,wspr_2023-06-24_20m.parquet,K5WH/B,40,43,3,13,26,2.0,2.0,0.23104906018664842,4.333333333333333,-24.0,13,74
20m,2023-06-24,wspr_2023-06-24_20m.parquet,K5WH/B,40,47,7,13,27,2.076923076923077,2.076923076923077,0.10441250122039891,2.0,-24.0,13,76
20m,2023-06-24,wspr_2023-06-24_20m.parquet,K5WH/B,40,50,10,13,38,2.923076923076923,2.923076923076923,0.10726368022648489,2.5,-24.0,13,237
20m,2023-06-24,wspr_2023-06-24_20m.parquet,K5WH/B,43,47,4,26,27,1.0384615384615385,1.0384615384615385,0.009435081995711778,0.25,-22.5,74,76
20m,2023-06-24,wspr_2023-06-24_20m.parquet,K5WH/B,43,50,7,26,38,1.4615384615384615,1.4615384615384615,0.05421280310070053,1.7142857142857142,-22.5,74,237
20m,2023-06-24,wspr_2023-06-24_20m.parquet,K5WH/B,47,50,3,27,38,1.4074074074074074,1.4074074074074074,0.11391643124068557,3.6666666666666665,-23.0,76,237
20m,2023-06-24,wspr_2023-06-24_20m.parquet,R2BIY,30,37,7,63,88,1.3968253968253967,1.3968253968253967,0.04774315544095339,3.5714285714285716,-20.0,143,157
20m,2023-06-24,wspr_2023-06-24_20m.parquet,R2BIY,30,40,10,63,69,1.0952380952380953,1.0952380952380953,0.009097177820572679,0.6,-20.0,143,69
20m,2023-06-24,wspr_2023-06-24_20m.parquet,R2BIY,37,40,3,88,69,0.7840909090909091,0.7840909090909091,-0.08107676996031571,-6.333333333333333,-19.0,157,69
20m,2023-06-24,wspr_2023-06-24_20m.parquet,SQ2HDO,37,43,6,30,78,2.6,2.6,0.15925190750457272,8.0,-9.5,30,119
20m,2023-06-25,wspr_2023-06-25_20m.parquet,0P8THS,20,23,3,13,11,0.8461538461538461,0.8461538461538461,-0.05568469488772207,-0.6666666666666666,-25.0,13,11
20m,2023-06-25,wspr_2023-06-25_20m.parquet,AC6RB/A,0,3,3,5,5,1.0,1.0,0.0,0.0,-24.0,23,15
20m,2023-06-25,wspr_2023-06-25_20m.parquet,DB1MIC,30,33,3,90,76,0.8444444444444444,0.8444444444444444,-0.05635877668131133,-4.666666666666667,-15.0,201,249
20m,2023-06-25,wspr_2023-06-25_20m.parquet,DD5WA,30,37,7,39,33,0.8461538461538461,0.8461538461538461,-0.023864869237595173,-0.8571428571428571,-19.0,113,99
20m,2023-06-25,wspr_2023-06-25_20m.parquet,GW5PH,27,30,3,56,111,1.9821428571428572,1.9821428571428572,0.22805950352572832,18.333333333333332,-8.5,56,192
20m,2023-06-25,wspr_2023-06-25_20m.parquet,IU4QSM,37,47,10,67,74,1.1044776119402986,1.1044776119402986,0.009937247381320378,0.7,-13.0,103,74
20m,2023-06-25,wspr_2023-06-25_20m.parquet,K4IZZ,37,40,3,157,74,0.4713375796178344,0.4713375796178344,-0.2507269040480461,-27.666666666666668,-16.0,461,74
20m,2023-06-25,wspr_2023-06-25_20m.parquet,K4IZZ,37,43,6,157,144,0.9171974522292994,0.9171974522292994,-0.014405417628717903,-2.1666666666666665,-16.0,461,144
20m,2023-06-25,wspr_2023-06-25_20m.parquet,K4IZZ,40,43,3,74,144,1.945945945945946,1.945945945945946,0.22191606879061032,23.333333333333332,-7.0,74,144
20m,2023-06-25,wspr_2023-06-25_20m.parquet,K5WH/B,20,23,3,15,11,0.7333333333333333,0.7333333333333333,-0.10338497610127988,-1.3333333333333333,-16.0,69,21
20m,2023-06-25,wspr_2023-06-25_20m.parquet,KC1FOL,33,37,4,70,120,1.7142857142857142,1.7142857142857142,0.13474912518317173,12.5,-15.0,102,525
20m,2023-06-25,wspr_2023-06-25_20m.parquet,KI7OSK,37,40,3,50,101,2.02,2.02,0.23436583713770445,17.0,-16.0,50,160
20m,2023-06-25,wspr_2023-06-25_20m.parquet,KK7KSC,30,33,3,92,113,1.2282608695652173,1.2282608695652173,0.0685330805544334,7.0,-19.0,585,683
20m,2023-06-25,wspr_2023-06-25_20m.parquet,N5TTT,30,37,7,26,23,0.8846153846153846,0.8846153846153846,-0.01751461744176177,-0.42857142857142855,-18.5,88,34
20m,2023-06-25,wspr_2023-06-25_20m.parquet,R2BIY,30,37,7,45,108,2.4,2.4,0.12506696247912855,9.0,-23.0,67,242
20m,2023-06-25,wspr_2023-06-25_20m.parquet,R2BIY,30,40,10,45,74,1.6444444444444444,1.6444444444444444,0.049740260343384995,2.9,-23.0,67,94
20m,2023-06-25,wspr_2023-06-25_20m.parquet,R2BIY,37,40,3,108,74,0.6851851851851852,0.6851851851851852,-0.12602204464001662,-11.333333333333334,-20.0,242,94
20m,2023-06-25,wspr_2023-06-25_20m.parquet,R6LNL,30,37,7,38,37,0.9736842105263158,0.9736842105263158,-0.003809749583165899,-0.14285714285714285,-16.5,38,37
20m,2023-06-25,wspr_2023-06-25_20m.parquet,TA1YEP,0,3,3,35,57,1.6285714285714286,1.6285714285714286,0.16256773544837883,7.333333333333333,-17.0,35,107
20m,2023-06-25,wspr_2023-06-25_20m.parquet,TA1YEP,17,20,3,59,87,1.4745762711864407,1.4745762711864407,0.1294568915829548,9.333333333333334,-19.0,133,317
20m,2023-06-25,wspr_2023-06-25_20m.parquet,WW4ET,27,30,3,85,73,0.8588235294117647,0.8588235294117647,-0.050730605113975126,-4.0,-19.0,168,125
40m,2023-05-15,wspr_2023-05-15_40m.parquet,DG7MA,0,3,3,170,170,1.0,1.0,0.0,0.0,-10.0,1046,754
40m,2023-05-15,wspr_2023-05-15_40m.parquet,DL3EL,20,30,10,176,135,0.7670454545454546,0.7670454545454546,-0.02652092165997223,-4.1,-10.0,617,426
40m,2023-05-15,wspr_2023-05-15_40m.parquet,DL3YAV,30,37,7,191,140,0.7329842931937173,0.7329842931937173,-0.04437585791961794,-7.285714285714286,-9.0,2375,325
40m,2023-05-15,wspr_2023-05-15_40m.parquet,EI8EUB,27,33,6,136,139,1.0220588235294117,1.0220588235294117,0.0036365078991066123,0.5,-1.0,233,178
40m,2023-05-15,wspr_2023-05-15_40m.parquet,F6KPL,20,30,10,93,267,2.870967741935484,2.870967741935484,0.10546491652469936,17.4,-21.0,566,5698
40m,2023-05-15,wspr_2023-05-15_40m.parquet,KC1PHY,40,43,3,180,244,1.3555555555555556,1.3555555555555556,0.10140379146766386,21.333333333333332,-6.0,180,425
40m,2023-05-15,wspr_2023-05-15_40m.parquet,M0PPP,33,37,4,150,111,0.74,0.74,-0.0752762731959804,-9.75,-9.0,402,111
40m,2023-05-15,wspr_2023-05-15_40m.parquet,M0PPP,33,40,7,150,114,0.76,0.76,-0.03920526367168004,-5.142857142857143,-9.0,402,114
40m,2023-05-15,wspr_2023-05-15_40m.parquet,M0PPP,37,40,3,111,114,1.027027027027027,1.027027027027027,0.008889415694053758,1.0,-8.0,111,114
40m,2023-05-15,wspr_2023-05-15_40m.parquet,MM7BWK,33,37,4,177,249,1.4067796610169492,1.4067796610169492,0.08532579097271963,18.0,-12.0,2416,7846
40m,2023-05-15,wspr_2023-05-15_40m.parquet,N3AGE,23,30,7,21,33,1.5714285714285714,1.5714285714285714,0.06456930339186531,1.7142857142857142,-14.0,4903,137
40m,2023-05-15,wspr_2023-05-15_40m.parquet,PA2HGJ,3,10,7,78,102,1.3076923076923077,1.3076923076923077,0.03832342665638277,3.4285714285714284,-24.0,1156,1834
40m,2023-05-15,wspr_2023-05-15_40m.parquet,PA3BUL,33,37,4,33,130,3.9393939393939394,3.9393939393939394,0.34275672224727555,24.25,-27.0,102,707
40m,2023-05-15,wspr_2023-05-15_40m.parquet,PA3GWH,30,33,3,157,131,0.8343949044585988,0.8343949044585988,-0.060349494049052155,-8.666666666666666,-7.0,971,242
40m,2023-05-15,wspr_2023-05-15_40m.parquet,WR1M,33,37,4,15,118,7.866666666666666,7.866666666666666,0.5156586058408636,25.75,-13.0,15,141
40m,2023-05-16,wspr_2023-05-16_40m.parquet,DC1UI,37,40,3,109,27,0.24770642201834864,0.24770642201834864,-0.46517033874160485,-27.333333333333332,-12.5,202,44
40m,2023-05-16,wspr_2023-05-16_40m.parquet,DG8GAD,13,17,4,6,6,1.0,1.0,0.0,0.0,-25.0,19,16
40m,2023-05-16,wspr_2023-05-16_40m.parquet,DG8GAD,17,27,10,6,47,7.833333333333333,7.833333333333333,0.20583881324820036,4.1,-25.0,16,446
40m,2023-05-16,wspr_2023-05-16_40m.parquet,DL3EL,20,30,10,153,86,0.5620915032679739,0.5620915032679739,-0.05760906251389277,-6.7,-12.0,899,131
40m,2023-05-16,wspr_2023-05-16_40m.parquet,F6KPL,20,30,10,76,269,3.539473684210526,3.539473684210526,0.1263978039315508,19.3,-20.0,526,6214
40m,2023-05-16,wspr_2023-05-16_40m.parquet,IW1QLH,17,27,10,123,7,0.056910569105691054,0.056910569105691054,-0.28662742063171043,-11.6,-21.0,2435,18
40m,2023-05-16,wspr_2023-05-16_40m.parquet,IZ2QKG,27,33,6,69,87,1.2608695652173914,1.2608695652173914,0.038633602342887395,3.0,-16.0,69,87
40m,2023-05-16,wspr_2023-05-16_40m.parquet,IZ2QKG,27,37,10,69,115,1.6666666666666667,1.6666666666666667,0.05108256237659907,4.6,-16.0,69,115
40m,2023-05-16,wspr_2023-05-16_40m.parquet,IZ2QKG,33,37,4,87,115,1.3218390804597702,1.3218390804597702,0.06975600242716659,7.0,-9.0,87,115
40m,2023-05-16,wspr_2023-05-16_40m.parquet,K9FX,37,43,6,59,60,1.0169491525423728,1.0169491525423728,0.002801186386063532,0.16666666666666666,-8.0,59,60
40m,2023-05-16,wspr_2023-05-16_40m.parquet,KD0J,13,23,10,100,39,0.39,0.39,-0.09416085398584449,-6.1,-19.0,2244,744
40m,2023-05-16,wspr_2023-05-16_40m.parquet,KF0MJC,47,50,3,65,34,0.5230769230769231,0.5230769230769231,-0.21600891509315856,-10.333333333333334,-9.0,178,34
40m,2023-05-16,wspr_2023-05-16_40m.parquet,M0VPZ,37,43,6,130,115,0.8846153846153846,0.8846153846153846,-0.020433720348722064,-2.5,-13.0,748,241
40m,2023-05-16,wspr_2023-05-16_40m.parquet,N5AQM,27,30,3,93,130,1.3978494623655915,1.3978494623655915,0.11164498576744218,12.333333333333334,-11.0,212,636
40m,2023-05-16,wspr_2023-05-16_40m.parquet,N6YWU,20,30,10,26,30,1.1538461538461537,1.1538461538461537,0.014310084364067324,0.4,-20.0,42,32
40m,2023-05-16,wspr_2023-05-16_40m.parquet,N7EAL,37,40,3,20,30,1.5,1.5,0.1351550360360548,3.3333333333333335,-8.5,40,30
40m,2023-05-16,wspr_2023-05-16_40m.parquet,PA0KNW,23,30,7,27,174,6.444444444444445,6.444444444444445,0.2661740618871714,21.0,-20.5,40,1647
40m,2023-05-17,wspr_2023-05-17_40m.parquet,DK8ZV,30,33,3,146,127,0.8698630136986302,0.8698630136986302,-0.04647317841658171,-6.333333333333333,-7.0,146,466
40m,2023-05-17,wspr_2023-05-17_40m.parquet,DL3EL,20,30,10,21,179,8.523809523809524,8.523809523809524,0.2142863368117332,15.8,-12.0,21,1061
40m,2023-05-17,wspr_2023-05-17_40m.parquet,F4LVF,40,43,3,224,174,0.7767857142857143,0.7767857142857143,-0.08419691754683693,-16.666666666666668,-1.0,1137,1962
40m,2023-05-17,wspr_2023-05-17_40m.parquet,F6KPL,20,30,10,94,294,3.127659574468085,3.127659574468085,0.11402849850686776,20.0,-21.0,829,7066
40m,2023-05-17,wspr_2023-05-17_40m.parquet,G6XOU,0,3,3,155,153,0.9870967741935484,0.9870967741935484,-0.00432906517560373,-0.6666666666666666,-10.0,1355,2920
40m,2023-05-17,wspr_2023-05-17_40m.parquet,GM4CCN,20,23,3,73,168,2.3013698630136985,2.3013698630136985,0.2778348460849559,31.666666666666668,-10.0,110,866
40m,2023-05-17,wspr_2023-05-17_40m.parquet,KF0MJC,37,40,3,60,16,0.26666666666666666,0.26666666666666666,-0.4405852799941065,-14.666666666666666,-13.0,317,16
40m,2023-05-17,wspr_2023-05-17_40m.parquet,KF0MJC,37,47,10,60,163,2.716666666666667,2.716666666666667,0.09994056385846617,10.3,-13.0,317,666
40m,2023-05-17,wspr_2023-05-17_40m.parquet,KF0MJC,40,47,7,16,163,10.1875,10.1875,0.3315944969381402,21.0,-13.0,16,666
40m,2023-05-17,wspr_2023-05-17_40m.parquet,KG6WUN,33,43,10,92,171,1.858695652173913,1.858695652173913,0.06198749794536196,7.9,-9.0,92,1559
40m,2023-05-17,wspr_2023-05-17_40m.parquet,KI8FW,27,33,6,110,76,0.6909090909090909,0.6909090909090909,-0.061624504251014185,-5.666666666666667,-15.0,350,120
40m,2023-05-17,wspr_2023-05-17_40m.parquet,KN6ZFY,40,43,3,101,73,0.7227722772277227,0.7227722772277227,-0.10822035856428945,-9.333333333333334,-12.0,1836,284
40m,2023-05-17,wspr_2023-05-17_40m.parquet,M0IVI,30,37,7,143,146,1.020979020979021,1.020979020979021,0.0029659987783470323,0.42857142857142855,-6.0,373,372
40m,2023-05-17,wspr_2023-05-17_40m.parquet,PA3BUL,30,33,3,12,65,5.416666666666667,5.416666666666667,0.5631602067025456,17.666666666666668,-25.0,37,807
40m,2023-05-17,wspr_2023-05-17_40m.parquet,PA3BUL,30,37,7,12,11,0.9166666666666666,0.9166666666666666,-0.01243019671280426,-0.14285714285714285,-25.0,37,11
40m,2023-05-17,wspr_2023-05-17_40m.parquet,PA3BUL,33,37,4,65,11,0.16923076923076924,0.16923076923076924,-0.44412299927431664,-13.5,-14.0,807,11
40m,2023-05-18,wspr_2023-05-18_40m.parquet,DC5SD,43,47,4,137,114,0.8321167883211679,0.8321167883211679,-0.045945619358407366,-5.75,6.0,245,211
40m,2023-05-18,wspr_2023-05-18_40m.parquet,DK3ASE,37,40,3,124,91,0.7338709677419355,0.7338709677419355,-0.10314068636272894,-11.0,-9.0,124,91
40m,2023-05-18,wspr_2023-05-18_40m.parquet,F6KPL,20,30,10,92,270,2.9347826086956523,2.9347826086956523,0.10766333819493346,17.8,-20.0,531,6445
40m,2023-05-18,wspr_2023-05-18_40m.parquet,IW1QLH,17,27,10,137,17,0.12408759124087591,0.12408759124087591,-0.2086767581771909,-12.0,-20.0,2824,17
40m,2023-05-18,wspr_2023-05-18_40m.parquet,KC1SFJ,30,37,7,46,29,0.6304347826086957,0.6304347826086957,-0.06590650950037442,-2.4285714285714284,-6.0,106,29
40m,2023-05-18,wspr_2023-05-18_40m.parquet,N7EAL,37,40,3,17,64,3.764705882352941,3.764705882352941,0.44188991310115194,15.666666666666666,-12.0,41,187
40m,2023-05-18,wspr_2023-05-18_40m.parquet,N7WWA,37,40,3,49,53,1.0816326530612246,1.0816326530612246,0.026157205147165102,1.3333333333333333,-3.0,49,53
40m,2023-05-19,wspr_2023-05-19_40m.parquet,DG7MA,0,3,3,108,123,1.1388888888888888,1.1388888888888888,0.04335104274939925,5.0,-6.0,288,364
40m,2023-05-19,wspr_2023-05-19_40m.parquet,F6KPL,20,30,10,88,270,3.0681818181818183,3.0681818181818183,0.11210851445201683,18.2,-21.0,652,6533
40m,2023-05-19,wspr_2023-05-19_40m.parquet,KC1PHY,33,37,4,23,17,0.7391304347826086,0.7391304347826086,-0.07557021796823342,-1.5,-6.5,40,36
40m,2023-05-19,wspr_2023-05-19_40m.parquet,N6YWU,20,30,10,13,27,2.076923076923077,2.076923076923077,0.07308875085427924,1.4,-16.5,24,47
40m,2023-05-19,wspr_2023-05-19_40m.parquet,WB5SRK,33,37,4,51,74,1.4509803921568627,1.4509803921568627,0.09305986511996099,5.75,-7.0,70,276
40m,2023-05-20,wspr_2023-05-20_40m.parquet,DD5NT,30,33,3,32,28,0.875,0.875,-0.04451046420817421,-1.3333333333333333,-18.0,40,39
40m,2023-05-20,wspr_2023-05-20_40m.parquet,DD5NT,30,37,7,32,20,0.625,0.625,-0.06714337560653365,-1.7142857142857142,-18.0,40,20
40m,2023-05-20,wspr_2023-05-20_40m.parquet,DD5NT,33,37,4,28,20,0.7142857142857143,0.7142857142857143,-0.08411805915530322,-2.0,-21.0,39,20
40m,2023-05-20,wspr_2023-05-20_40m.parquet,DH0NAE,30,33,3,21,30,1.4285714285714286,1.4285714285714286,0.11889164797957746,3.0,-20.0,36,157
40m,2023-05-20,wspr_2023-05-20_40m.parquet,DL3EL,20,30,10,101,99,0.9801980198019802,0.9801980198019802,-0.0020000666706669543,-0.2,-16.0,251,283
40m,2023-05-20,wspr_2023-05-20_40m.parquet,ER1PLG,23,33,10,135,65,0.48148148148148145,0.48148148148148145,-0.07308875085427924,-7.0,-21.0,1794,110
40m,2023-05-20,wspr_2023-05-20_40m.parquet,F6KPL,20,30,10,75,253,3.3733333333333335,3.3733333333333335,0.12159013751912098,17.8,-22.0,308,4184
40m,2023-05-20,wspr_2023-05-20_40m.parquet,G1MUM,10,13,3,61,56,0.9180327868852459,0.9180327868852459,-0.028507391146054,-1.6666666666666667,-23.0,432,128
40m,2023-05-20,wspr_2023-05-20_40m.parquet,GM4EIW,27,37,10,89,26,0.29213483146067415,0.29213483146067415,-0.12305398317106578,-6.3,-15.0,332,96
40m,2023-05-20,wspr_2023-05-20_40m.parquet,K5RAB,27,37,10,25,21,0.84,0.84,-0.01743533871447778,-0.4,-22.5,32,45
40m,2023-05-20,wspr_2023-05-20_40m.parquet,M0VPZ,37,43,6,40,107,2.675,2.675,0.16399156339132828,11.166666666666666,-20.5,40,1059
40m,2023-05-20,wspr_2023-05-20_40m.parquet,PA3GHJ,30,37,7,19,187,9.842105263157896,9.842105263157896,0.3266670910983066,24.0,-19.0,19,411
40m,2023-05-20,wspr_2023-05-20_40m.parquet,PD0P,37,43,6,63,60,0.9523809523809523,0.9523809523809523,-0.008131694028238675,-0.5,-17.0,63,112
40m,2023-05-20,wspr_2023-05-20_40m.parquet,W6MSU,30,33,3,20,14,0.7,0.7,-0.11889164797957748,-2.0,-19.0,58,25
40m,2023-05-21,wspr_2023-05-21_40m.parquet,DG8GAD,13,17,4,66,45,0.6818181818181818,0.6818181818181818,-0.09574806306402646,-5.25,-26.0,71,64
40m,2023-05-21,wspr_2023-05-21_40m.parquet,DG8GAD,13,20,7,66,76,1.1515151515151516,1.1515151515151516,0.0201540854657008,1.4285714285714286,-26.0,71,287
40m,2023-05-21,wspr_2023-05-21_40m.parquet,DG8GAD,13,23,10,66,79,1.196969696969697,1.196969696969697,0.017979311044059598,1.3,-26.0,71,354
40m,2023-05-21,wspr_2023-05-21_40m.parquet,DG8GAD,17,20,3,45,76,1.6888888888888889,1.6888888888888889,0.1746902835053371,10.333333333333334,-22.0,64,287
40m,2023-05-21,wspr_2023-05-21_40m.parquet,DG8GAD,17,23,6,45,79,1.7555555555555555,1.7555555555555555,0.0937975604494503,5.666666666666667,-22.0,64,354
40m,2023-05-21,wspr_2023-05-21_40m.parquet,DG8GAD,17,27,10,45,58,1.288888888888889,1.288888888888889,0.025378052077609965,1.3,-22.0,64,474
40m,2023-05-21,wspr_2023-05-21_40m.parquet,DG8GAD,20,23,3,76,79,1.0394736842105263,1.0394736842105263,0.012904837393563476,1.0,-23.0,287,354
40m,2023-05-21,wspr_2023-05-21_40m.parquet,DG8GAD,20,27,7,76,58,0.7631578947368421,0.7631578947368421,-0.03861290424855881,-2.5714285714285716,-23.0,287,474
40m,2023-05-21,wspr_2023-05-21_40m.parquet,DG8GAD,23,27,4,79,58,0.7341772151898734,0.7341772151898734,-0.07725121048015053,-5.25,-23.0,354,474
40m,2023-05-21,wspr_2023-05-21_40m.parquet,DK1KW,30,37,7,27,57,2.111111111111111,2.111111111111111,0.10674491454717445,4.285714285714286,-22.0,27,158
40m,2023-05-21,wspr_2023-05-21_40m.parquet,DK9PA,23,30,7,114,111,0.9736842105263158,0.9736842105263158,-0.003809749583165899,-0.42857142857142855,-20.0,693,1141
40m,2023-05-21,wspr_2023-05-21_40m.parquet,DK9PA,23,33,10,114,57,0.5,0.5,-0.06931471805599453,-5.7,-20.0,693,146
40m,2023-05-21,wspr_2023-05-21_40m.parquet,DK9PA,30,33,3,111,57,0.5135135135135135,0.5135135135135135,-0.2221596444925947,-18.0,-21.0,1141,146
40m,2023-05-21,wspr_2023-05-21_40m.parquet,DK9PA,30,37,7,111,44,0.3963963963963964,0.3963963963963964,-0.13219150962772472,-9.571428571428571,-21.0,1141,44
40m,2023-05-21,wspr_2023-05-21_40m.parquet,DK9PA,33,37,4,57,44,0.7719298245614035,0.7719298245614035,-0.06471540847907226,-3.25,-22.0,146,44
40m,2023-05-21,wspr_2023-05-21_40m.parquet,F6KPL,20,30,10,66,272,4.121212121212121,4.121212121212121,0.14161473242695716,20.6,-20.0,289,4999
40m,2023-05-21,wspr_2023-05-21_40m.parquet,IW1QLH,17,27,10,134,31,0.23134328358208955,0.23134328358208955,-0.1463852595465765,-10.3,-22.0,1851,69
40m,2023-05-21,wspr_2023-05-21_40m.parquet,K9FX,30,37,7,68,91,1.338235294117647,1.338235294117647,0.04162168590582047,3.2857142857142856,-19.0,68,223
40m,2023-05-21,wspr_2023-05-21_40m.parquet,KD9HUR,33,37,4,29,61,2.103448275862069,2.103448275862069,0.1858945085467093,8.0,-19.0,29,61
40m,2023-05-21,wspr_2023-05-21_40m.parquet,KJ7VJG,27,30,3,42,49,1.1666666666666667,1.1666666666666667,0.05138355994241945,2.3333333333333335,-11.5,42,59
40m,2023-05-21,wspr_2023-05-21_40m.parquet,KJ7VJG,27,33,6,42,48,1.1428571428571428,1.1428571428571428,0.022255232104087096,1.0,-11.5,42,48
40m,2023-05-21,wspr_2023-05-21_40m.parquet,KJ7VJG,30,33,3,49,48,0.9795918367346939,0.9795918367346939,-0.006873095734245234,-0.3333333333333333,-8.0,59,48
40m,2023-05-21,wspr_2023-05-21_40m.parquet,N3AGE,23,30,7,22,67,3.0454545454545454,3.0454545454545454,0.15909288086180715,6.428571428571429,-13.0,4837,229
40m,2023-05-21,wspr_2023-05-21_40m.parquet,PA3GHJ,27,33,6,99,122,1.2323232323232323,1.2323232323232323,0.03481686576644443,3.8333333333333335,-18.0,168,204
40m,2023-05-21,wspr_2023-05-21_40m.parquet,PA3GHJ,27,37,10,99,222,2.242424242424242,2.242424242424242,0.08075575317376894,12.3,-18.0,168,1479
40m,2023-05-21,wspr_2023-05-21_40m.parquet,PA3GHJ,33,37,4,122,222,1.819672131147541,1.819672131147541,0.14966408428475572,25.0,-12.0,204,1479
40m,2023-05-21,wspr_2023-05-21_40m.parquet,PA7BVB,43,50,7,166,139,0.8373493975903614,0.8373493975903614,-0.025359122175121644,-3.857142857142857,3.0,406,140
40m,2023-05-21,wspr_2023-05-21_40m.parquet,WB5SRK,33,37,4,22,166,7.545454545454546,7.545454545454546,0.5052363337495569,36.0,-13.0,58,3156
40m,2023-06-19,wspr_2023-06-19_40m.parquet,DG8GAD,20,23,3,48,107,2.2291666666666665,2.2291666666666665,0.2672092745180051,19.666666666666668,-24.0,87,1456
40m,2023-06-19,wspr_2023-06-19_40m.parquet,DG8GAD,20,27,7,48,94,1.9583333333333333,1.9583333333333333,0.09601339590887327,6.571428571428571,-24.0,87,658
40m,2023-06-19,wspr_2023-06-19_40m.parquet,DG8GAD,23,27,4,107,94,0.8785046728971962,0.8785046728971962,-0.03238351304797557,-3.25,-22.0,1456,658
40m,2023-06-19,wspr_2023-06-19_40m.parquet,DL3EL,20,30,10,150,114,0.76,0.76,-0.02744368457017603,-3.6,-15.0,700,339
40m,2023-06-19,wspr_2023-06-19_40m.parquet,F6KPL,20,30,10,98,259,2.642857142857143,2.642857142857143,0.09718605830289659,16.1,-21.0,694,5280
40m,2023-06-19,wspr_2023-06-19_40m.parquet,GM3RQQ,30,37,7,15,1,0.06666666666666667,0.06666666666666667,-0.3868643144431729,-2.0,-23.0,15,15
40m,2023-06-19,wspr_2023-06-19_40m.parquet,IW1QLH,17,27,10,110,59,0.5363636363636364,0.5363636363636364,-0.06229429218866968,-5.1,-21.0,1972,99
40m,2023-06-19,wspr_2023-06-19_40m.parquet,K7MAP,37,40,3,126,79,0.626984126984127,0.626984126984127,-0.15561135149481883,-15.666666666666666,-12.0,679,79
40m,2023-06-19,wspr_2023-06-19_40m.parquet,N6SKM,33,37,4,130,53,0.4076923076923077,0.4076923076923077,-0.22431063422586514,-19.25,-14.0,1403,72
40m,2023-06-19,wspr_2023-06-19_40m.parquet,PD4BA,30,33,3,31,43,1.3870967741935485,1.3870967741935485,0.1090709704028054,4.0,-24.0,84,86
40m,2023-06-19,wspr_2023-06-19_40m.parquet,WA9ZPM,30,33,3,29,53,1.8275862068965518,1.8275862068965518,0.2009986945218826,8.0,-16.0,71,119
40m,2023-06-19,wspr_2023-06-19_40m.parquet,WY1R,37,43,6,129,36,0.27906976744186046,0.27906976744186046,-0.212715577650927,-15.5,-9.0,680,36
40m,2023-06-20,wspr_2023-06-20_40m.parquet,DG8GAD,20,23,3,22,115,5.2272727272727275,5.2272727272727275,0.5512965583349781,31.0,-23.0,27,1467
40m,2023-06-20,wspr_2023-06-20_40m.parquet,DG8GAD,20,27,7,22,71,3.227272727272727,3.227272727272727,0.1673767748118571,7.0,-23.0,27,233
40m,2023-06-20,wspr_2023-06-20_40m.parquet,DG8GAD,20,30,10,22,1,0.045454545454545456,0.045454545454545456,-0.3091042453358316,-2.1,-23.0,27,17
40m,2023-06-20,wspr_2023-06-20_40m.parquet,DG8GAD,23,27,4,115,71,0.6173913043478261,0.6173913043478261,-0.12056306283048367,-11.0,-24.0,1467,233
40m,2023-06-20,wspr_2023-06-20_40m.parquet,DG8GAD,23,30,7,115,1,0.008695652173913044,0.008695652173913044,-0.6778474469090358,-16.285714285714285,-24.0,1467,17
40m,2023-06-20,wspr_2023-06-20_40m.parquet,DG8GAD,27,30,3,71,1,0.014084507042253521,0.014084507042253521,-1.4208932923471052,-23.333333333333332,-24.0,233,17
40m,2023-06-20,wspr_2023-06-20_40m.parquet,DG9ME,33,43,10,51,129,2.5294117647058822,2.5294117647058822,0.09279867716373463,7.8,-16.0,77,567
40m,2023-06-20,wspr_2023-06-20_40m.parquet,DL1FX,20,23,3,1,197,197.0,20.0,1.7610679095793296,65.33333333333333,-19.0,11,3771
40m,2023-06-20,wspr_2023-06-20_40m.parquet,DL3EL,20,30,10,129,75,0.5813953488372093,0.5813953488372093,-0.05423242908253616,-5.4,-15.0,283,201
40m,2023-06-20,wspr_2023-06-20_40m.parquet,F6KPL,20,30,10,102,239,2.343137254901961,2.343137254901961,0.08514907386472396,13.7,-21.0,621,4813
40m,2023-06-20,wspr_2023-06-20_40m.parquet,GM3RQQ,30,37,7,48,15,0.3125,0.3125,-0.16616440140081154,-4.714285714285714,-21.0,307,37
40m,2023-06-20,wspr_2023-06-20_40m.parquet,IQ8BB,30,37,7,1,207,207.0,20.0,0.7618169704664812,29.428571428571427,-14.0,11,4466
40m,2023-06-20,wspr_2023-06-20_40m.parquet,IW1QLH,17,27,10,99,32,0.32323232323232326,0.32323232323232326,-0.11293839473348632,-6.7,-22.0,1399,105
40m,2023-06-20,wspr_2023-06-20_40m.parquet,KJ4G,17,23,6,181,61,0.3370165745856354,0.3370165745856354,-0.18127052784875242,-20.0,-15.0,2814,548
40m,2023-06-20,wspr_2023-06-20_40m.parquet,W6DAC,37,43,6,32,49,1.53125,1.53125,0.07101406588515001,2.8333333333333335,-8.5,32,49
40m,2023-06-21,wspr_2023-06-21_40m.parquet,DG4ST,37,40,3,101,197,1.9504950495049505,1.9504950495049505,0.22269440396557635,32.0,-10.0,495,3277
40m,2023-06-21,wspr_2023-06-21_40m.parquet,DG8GAD,17,20,3,13,66,5.076923076923077,5.076923076923077,0.5415684615216295,17.666666666666668,-25.0,13,183
40m,2023-06-21,wspr_2023-06-21_40m.parquet,DG8GAD,17,23,6,13,110,8.461538461538462,8.461538461538462,0.3559218347218132,16.166666666666668,-25.0,13,1806
40m,2023-06-21,wspr_2023-06-21_40m.parquet,DG8GAD,17,27,10,13,86,6.615384615384615,6.615384615384615,0.1889397938791971,7.3,-25.0,13,426
40m,2023-06-21,wspr_2023-06-21_40m.parquet,DG8GAD,20,23,3,66,110,1.6666666666666667,1.6666666666666667,0.1702752079219969,14.666666666666666,-22.0,183,1806
40m,2023-06-21,wspr_2023-06-21_40m.parquet,DG8GAD,20,27,7,66,86,1.303030303030303,1.303030303030303,0.03781322203244031,2.857142857142857,-22.0,183,426
40m,2023-06-21,wspr_2023-06-21_40m.parquet,DG8GAD,20,30,10,66,1,0.015151515151515152,0.015151515151515152,-0.4189654742026425,-6.5,-22.0,183,19
40m,2023-06-21,wspr_2023-06-21_40m.parquet,DG8GAD,23,27,4,110,86,0.7818181818181819,0.7818181818181819,-0.061533267384727114,-6.0,-24.0,1806,426
40m,2023-06-21,wspr_2023-06-21_40m.parquet,DG8GAD,23,30,7,110,1,0.00909090909090909,0.00909090909090909,-0.6714971951132024,-15.571428571428571,-24.0,1806,19
40m,2023-06-21,wspr_2023-06-21_40m.parquet,DG8GAD,27,30,3,86,1,0.011627906976744186,0.011627906976744186,-1.4847824320845024,-28.333333333333332,-24.0,426,19
40m,2023-06-21,wspr_2023-06-21_40m.parquet,DG9ME,33,43,10,62,128,2.064516129032258,2.064516129032258,0.07248958788745255,6.6,-14.0,62,295
40m,2023-06-21,wspr_2023-06-21_40m.parquet,DL1FX,20,23,3,1,208,208.0,20.0,1.7791793599004393,69.0,-19.0,28,6746
40m,2023-06-21,wspr_2023-06-21_40m.parquet,DL3EL,20,30,10,114,90,0.7894736842105263,0.7894736842105263,-0.02363887780642304,-2.4,-9.0,189,152
40m,2023-06-21,wspr_2023-06-21_40m.parquet,F6KPL,20,30,10,86,232,2.697674418604651,2.697674418604651,0.09923900754128022,14.6,-21.0,621,5390
40m,2023-06-21,wspr_2023-06-21_40m.parquet,G8LDJ,30,37,7,186,1,0.005376344086021506,0.005376344086021506,-0.7465352391018858,-26.428571428571427,-16.0,6330,28
40m,2023-06-21,wspr_2023-06-21_40m.parquet,IQ8BB,30,37,7,1,194,194.0,20.0,0.7525511655804754,27.571428571428573,-12.0,18,4278
40m,2023-06-21,wspr_2023-06-21_40m.parquet,IW1QLH,17,27,10,94,61,0.648936170212766,0.648936170212766,-0.043242091809669266,-3.3,-22.0,1316,168
40m,2023-06-21,wspr_2023-06-21_40m.parquet,M0PPP,27,37,10,114,85,0.7456140350877193,0.7456140350877193,-0.029354719190417905,-2.9,-19.0,248,85
40m,2023-06-21,wspr_2023-06-21_40m.parquet,MR0JBA,10,13,3,11,41,3.727272727272727,3.727272727272727,0.4385589313019791,10.0,-26.0,38,178
40m,2023-06-21,wspr_2023-06-21_40m.parquet,N5AQM,27,37,10,126,158,1.253968253968254,1.253968253968254,0.02263131260754888,3.2,-15.0,357,424
40m,2023-06-21,wspr_2023-06-21_40m.parquet,N6YWU,20,30,10,13,16,1.2307692307692308,1.2307692307692308,0.020763936477824454,0.3,-19.0,23,45
40m,2023-06-21,wspr_2023-06-21_40m.parquet,PA3BUL,23,27,4,136,177,1.3014705882352942,1.3014705882352942,0.0658737117094443,10.25,-17.0,432,6897
40m,2023-06-21,wspr_2023-06-21_40m.parquet,WA7ARK,3,13,10,19,19,1.0,1.0,0.0,0.0,-22.0,1124,125
40m,2023-06-21,wspr_2023-06-21_40m.parquet,WA7ARK,13,23,10,19,139,7.315789473684211,7.315789473684211,0.19900349539642512,12.0,-18.0,125,1403
40m,2023-06-21,wspr_2023-06-21_40m.parquet,WW4ET,33,37,4,46,84,1.826086956521739,1.826086956521739,0.15054385058855463,9.5,-13.0,46,138
40m,2023-06-22,wspr_2023-06-22_40m.parquet,AA5H,33,37,4,56,81,1.4464285714285714,1.4464285714285714,0.09227436598432237,6.25,-20.0,679,152
40m,2023-06-22,wspr_2023-06-22_40m.parquet,DF7DC,23,27,4,191,22,0.11518324607329843,0.11518324607329843,-0.5403077436720786,-42.25,-14.0,2551,22
40m,2023-06-22,wspr_2023-06-22_40m.parquet,DG8GAD,20,23,3,48,108,2.25,2.25,0.2703100720721096,20.0,-24.0,138,1579
40m,2023-06-22,wspr_2023-06-22_40m.parquet,DG8GAD,20,27,7,48,79,1.6458333333333333,1.6458333333333333,0.07117812022273293,4.428571428571429,-24.0,138,282
40m,2023-06-22,wspr_2023-06-22_40m.parquet,DG8GAD,23,27,4,108,79,0.7314814814814815,0.7314814814814815,-0.07817084366429954,-7.25,-24.0,1579,282
40m,2023-06-22,wspr_2023-06-22_40m.parquet,DL3EL,20,30,10,129,130,1.0077519379844961,1.0077519379844961,0.0007722046093910319,0.1,-15.0,327,321
40m,2023-06-22,wspr_2023-06-22_40m.parquet,F6KPL,20,30,10,102,245,2.4019607843137254,2.4019607843137254,0.08762853972604559,14.3,-21.0,729,5910
40m,2023-06-22,wspr_2023-06-22_40m.parquet,GM3RQQ,30,33,3,3,42,14.0,14.0,0.8796857765384195,13.0,-23.0,38,107
40m,2023-06-22,wspr_2023-06-22_40m.parquet,GM3RQQ,30,37,7,3,12,4.0,4.0,0.19804205158855578,1.2857142857142858,-23.0,38,12
40m,2023-06-22,wspr_2023-06-22_40m.parquet,GM3RQQ,33,37,4,42,12,0.2857142857142857,0.2857142857142857,-0.313190742123842,-7.5,-20.0,107,12
40m,2023-06-22,wspr_2023-06-22_40m.parquet,GW4JJW,7,10,3,10,41,4.1,4.1,0.47032899123675403,10.333333333333334,-28.0,63,330
40m,2023-06-22,wspr_2023-06-22_40m.parquet,IW1QLH,17,27,10,102,58,0.5686274509803921,0.5686274509803921,-0.05645298027378518,-4.4,-22.0,1301,178
40m,2023-06-22,wspr_2023-06-22_40m.parquet,KI6BZP,37,40,3,153,35,0.22875816993464052,0.22875816993464052,-0.49169661996767394,-39.333333333333336,-12.0,2802,35
40m,2023-06-22,wspr_2023-06-22_40m.parquet,MR0JBA,10,13,3,15,52,3.466666666666667,3.466666666666667,0.4143978391597391,12.333333333333334,-24.5,102,373
40m,2023-06-22,wspr_2023-06-22_40m.parquet,SV8FET,17,20,3,153,148,0.9673202614379085,0.9673202614379085,-0.011075215876106798,-1.6666666666666667,-17.0,1963,1190
40m,2023-06-23,wspr_2023-06-23_40m.parquet,DG8GAD,10,13,3,11,10,0.9090909090909091,0.9090909090909091,-0.03177005993477496,-0.3333333333333333,-23.0,11,16
40m,2023-06-23,wspr_2023-06-23_40m.parquet,DG8GAD,10,17,7,11,19,1.7272727272727273,1.7272727272727273,0.0780776723382957,1.1428571428571428,-23.0,11,40
40m,2023-06-23,wspr_2023-06-23_40m.parquet,DG8GAD,10,20,10,11,67,6.090909090909091,6.090909090909091,0.18067973465925954,5.6,-23.0,11,198
40m,2023-06-23,wspr_2023-06-23_40m.parquet,DG8GAD,13,17,4,10,19,1.9,1.9,0.16046347154309867,2.25,-24.0,16,40
40m,2023-06-23,wspr_2023-06-23_40m.parquet,DG8GAD,13,20,7,10,67,6.7,6.7,0.2717296466281315,8.142857142857142,-24.0,16,198
40m,2023-06-23,wspr_2023-06-23_40m.parquet,DG8GAD,13,23,10,10,101,10.1,10.1,0.23125354238472137,9.1,-24.0,16,1000
40m,2023-06-23,wspr_2023-06-23_40m.parquet,DG8GAD,17,20,3,19,67,3.526315789473684,3.526315789473684,0.42008454674150847,16.0,-24.0,40,198
40m,2023-06-23,wspr_2023-06-23_40m.parquet,DG8GAD,17,23,6,19,101,5.315789473684211,5.315789473684211,0.27844692294580314,13.666666666666666,-24.0,40,1000
40m,2023-06-23,wspr_2023-06-23_40m.parquet,DG8GAD,17,27,10,19,74,3.8947368421052633,3.8947368421052633,0.13596261140377291,5.5,-24.0,40,246
40m,2023-06-23,wspr_2023-06-23_40m.parquet,DG8GAD,20,23,3,67,101,1.507462686567164,1.507462686567164,0.1368092991500978,11.333333333333334,-23.0,198,1000
40m,2023-06-23,wspr_2023-06-23_40m.parquet,DG8GAD,20,27,7,67,74,1.1044776119402986,1.1044776119402986,0.014196067687600539,1.0,-23.0,198,246
40m,2023-06-23,wspr_2023-06-23_40m.parquet,DG8GAD,23,27,4,101,74,0.7326732673267327,0.7326732673267327,-0.07776385590927243,-6.75,-24.0,1000,246
40m,2023-06-23,wspr_2023-06-23_40m.parquet,DL3EL,20,30,10,81,153,1.8888888888888888,1.8888888888888888,0.06359887667199968,7.2,-12.5,100,742
40m,2023-06-23,wspr_2023-06-23_40m.parquet,F6KPL,20,30,10,91,243,2.67032967032967,2.67032967032967,0.09822019368236984,15.2,-21.0,715,5735
40m,2023-06-23,wspr_2023-06-23_40m.parquet,IU4QSM,37,40,3,42,31,0.7380952380952381,0.7380952380952381,-0.10122747126607401,-3.6666666666666665,-15.0,61,31
40m,2023-06-23,wspr_2023-06-23_40m.parquet,IW1QLH,17,27,10,105,63,0.6,0.6,-0.05108256237659907,-4.2,-22.0,1617,177
40m,2023-06-23,wspr_2023-06-23_40m.parquet,K3JYD,23,30,7,155,144,0.9290322580645162,0.9290322580645162,-0.010515973906177993,-1.5714285714285714,-12.0,3775,418
40m,2023-06-23,wspr_2023-06-23_40m.parquet,K3JYD,30,37,7,144,171,1.1875,1.1875,0.02455003670380846,3.857142857142857,-11.5,418,281
40m,2023-06-23,wspr_2023-06-23_40m.parquet,KI6BZP,30,37,7,124,121,0.9758064516129032,0.9758064516129032,-0.003498717144042251,-0.42857142857142855,-15.0,2004,1088
40m,2023-06-23,wspr_2023-06-23_40m.parquet,KI6BZP,30,40,10,124,122,0.9838709677419355,0.9838709677419355,-0.0016260520871780291,-0.2,-15.0,2004,490
40m,2023-06-23,wspr_2023-06-23_40m.parquet,KI6BZP,37,40,3,121,122,1.0082644628099173,1.0082644628099173,0.0027434997121718145,0.3333333333333333,-10.0,1088,490
40m,2023-06-23,wspr_2023-06-23_40m.parquet,MR0JBA,10,13,3,8,32,4.0,4.0,0.46209812037329684,8.0,-22.0,28,119
40m,2023-06-23,wspr_2023-06-23_40m.parquet,NI5F,30,37,7,1,281,281.0,20.0,0.8054792384762494,40.0,-14.0,11,9147
40m,2023-06-23,wspr_2023-06-23_40m.parquet,PD4BA,30,33,3,36,148,4.111111111111111,4.111111111111111,0.471231111769335,37.333333333333336,-22.0,36,1684
40m,2023-06-23,wspr_2023-06-23_40m.parquet,WA7ARK,3,13,10,55,34,0.6181818181818182,0.6181818181818182,-0.04809726606163096,-2.1,-21.0,947,938
40m,2023-06-23,wspr_2023-06-23_40m.parquet,WB5SRK,33,43,10,133,122,0.9172932330827067,0.9172932330827067,-0.008632808348849726,-1.1,-12.0,1375,751
40m,2023-06-24,wspr_2023-06-24_40m.parquet,DG8GAD,17,20,3,34,36,1.0588235294117647,1.0588235294117647,0.019052804613316206,0.6666666666666666,-21.0,61,89
40m,2023-06-24,wspr_2023-06-24_40m.parquet,DG8GAD,17,23,6,34,109,3.2058823529411766,3.2058823529411766,0.19416455960216372,12.5,-21.0,61,1654
40m,2023-06-24,wspr_2023-06-24_40m.parquet,DG8GAD,17,27,10,34,84,2.4705882352941178,2.4705882352941178,0.09044562742271522,5.0,-21.0,61,336
40m,2023-06-24,wspr_2023-06-24_40m.parquet,DG8GAD,20,23,3,36,109,3.0277777777777777,3.0277777777777777,0.36927631459101123,24.333333333333332,-22.0,89,1654
40m,2023-06-24,wspr_2023-06-24_40m.parquet,DG8GAD,20,27,7,36,84,2.3333333333333335,2.3333333333333335,0.12104255148388623,6.857142857142857,-22.0,89,336
40m,2023-06-24,wspr_2023-06-24_40m.parquet,DG8GAD,23,27,4,109,84,0.7706422018348624,0.7706422018348624,-0.06513277084645751,-6.25,-23.0,1654,336
40m,2023-06-24,wspr_2023-06-24_40m.parquet,DK9PA,20,30,10,39,65,1.6666666666666667,1.6666666666666667,0.05108256237659907,2.6,-19.0,83,102
40m,2023-06-24,wspr_2023-06-24_40m.parquet,F6KPL,20,30,10,126,248,1.9682539682539681,1.9682539682539681,0.06771468392135041,12.2,-20.0,877,6130
40m,2023-06-24,wspr_2023-06-24_40m.parquet,IW1QLH,17,27,10,122,53,0.4344262295081967,0.4344262295081967,-0.08337291311811348,-6.9,-22.0,1773,247
40m,2023-06-24,wspr_2023-06-24_40m.parquet,K3JYD,20,23,3,139,139,1.0,1.0,0.0,0.0,-13.0,3317,1156
40m,2023-06-24,wspr_2023-06-24_40m.parquet,KC1FOL,33,37,4,33,34,1.0303030303030303,1.0303030303030303,0.007463240787420282,0.25,-13.0,197,82
40m,2023-06-24,wspr_2023-06-24_40m.parquet,KK7KSC,30,33,3,24,43,1.7916666666666667,1.7916666666666667,0.19438209511520563,6.333333333333333,-13.5,40,104
40m,2023-06-24,wspr_2023-06-24_40m.parquet,NI5F,30,37,7,1,345,345.0,20.0,0.8347920595759086,49.142857142857146,-19.0,11,9916
40m,2023-06-24,wspr_2023-06-24_40m.parquet,UX5DH,7,10,3,36,166,4.611111111111111,4.611111111111111,0.5094896166334777,43.333333333333336,-25.0,77,2283
40m,2023-06-25,wspr_2023-06-25_40m.parquet,DB1MIC,30,33,3,200,140,0.7,0.7,-0.11889164797957748,-20.0,-6.0,1381,655
40m,2023-06-25,wspr_2023-06-25_40m.parquet,DG8GAD,17,20,3,59,61,1.0338983050847457,1.0338983050847457,0.011112140089197238,0.6666666666666666,-23.0,75,158
40m,2023-06-25,wspr_2023-06-25_40m.parquet,DG8GAD,17,23,6,59,127,2.152542372881356,2.152542372881356,0.12777494042547863,11.333333333333334,-23.0,75,1972
40m,2023-06-25,wspr_2023-06-25_40m.parquet,DG8GAD,17,27,10,59,82,1.3898305084745763,1.3898305084745763,0.03291818033585337,2.3,-23.0,75,314
40m,2023-06-25,wspr_2023-06-25_40m.parquet,DG8GAD,20,23,3,61,127,2.081967213114754,2.081967213114754,0.24443774076175998,22.0,-21.0,158,1972
40m,2023-06-25,wspr_2023-06-25_40m.parquet,DG8GAD,20,27,7,61,82,1.3442622950819672,1.3442622950819672,0.04226362615584883,3.0,-21.0,158,314
40m,2023-06-25,wspr_2023-06-25_40m.parquet,DG8GAD,23,27,4,127,82,0.6456692913385826,0.6456692913385826,-0.10936695979858456,-11.25,-23.0,1972,314
40m,2023-06-25,wspr_2023-06-25_40m.parquet,DH2FAZ,33,37,4,135,150,1.1111111111111112,1.1111111111111112,0.026340128914456588,3.75,-8.5,188,217
40m,2023-06-25,wspr_2023-06-25_40m.parquet,DK9PA,20,23,3,114,133,1.1666666666666667,1.1666666666666667,0.05138355994241945,6.333333333333333,-20.0,666,1011
40m,2023-06-25,wspr_2023-06-25_40m.parquet,DK9PA,20,27,7,114,82,0.7192982456140351,0.7192982456140351,-0.047068457304320334,-4.571428571428571,-20.0,666,127
40m,2023-06-25,wspr_2023-06-25_40m.parquet,DK9PA,20,30,10,114,112,0.9824561403508771,0.9824561403508771,-0.0017699577099400975,-0.2,-20.0,666,271
40m,2023-06-25,wspr_2023-06-25_40m.parquet,DK9PA,23,27,4,133,82,0.6165413533834586,0.6165413533834586,-0.12090747023937518,-12.75,-19.0,1011,127
40m,2023-06-25,wspr_2023-06-25_40m.parquet,DK9PA,23,30,7,133,112,0.8421052631578947,0.8421052631578947,-0.02455003670380847,-3.0,-19.0,1011,271
40m,2023-06-25,wspr_2023-06-25_40m.parquet,DK9PA,27,30,3,82,112,1.3658536585365855,1.3658536585365855,0.10392654134361384,10.0,-16.0,127,271
40m,2023-06-25,wspr_2023-06-25_40m.parquet,DL3EL,20,30,10,161,48,0.2981366459627329,0.2981366459627329,-0.12102033540765719,-11.3,-12.0,679,80
40m,2023-06-25,wspr_2023-06-25_40m.parquet,DL7HSN,43,47,4,26,24,0.9230769230769231,0.9230769230769231,-0.020010676918384093,-0.5,-16.0,49,128
40m,2023-06-25,wspr_2023-06-25_40m.parquet,F6KPL,20,30,10,114,247,2.1666666666666665,2.1666666666666665,0.07731898882334817,13.3,-20.0,732,5257
40m,2023-06-25,wspr_2023-06-25_40m.parquet,IU4QSM,37,47,10,156,142,0.9102564102564102,0.9102564102564102,-0.009402894964827633,-1.4,-5.0,438,142
40m,2023-06-25,wspr_2023-06-25_40m.parquet,IW1QLH,17,27,10,126,53,0.42063492063492064,0.42063492063492064,-0.08659899933993562,-7.3,-21.0,1789,180
40m,2023-06-25,wspr_2023-06-25_40m.parquet,K4IZZ,37,43,6,226,99,0.43805309734513276,0.43805309734513276,-0.1375691915229493,-21.166666666666668,-10.0,1012,99
40m,2023-06-25,wspr_2023-06-25_40m.parquet,NI5F,30,37,7,1,329,329.0,20.0,0.8280082501093389,46.857142857142854,-17.0,14,9658
40m,2023-06-25,wspr_2023-06-25_40m.parquet,UX5DH,7,10,3,18,31,1.7222222222222223,1.7222222222222223,0.18120514886299388,4.333333333333333,-25.5,32,43
